rr,rr_reduced,total_traced,inf_p
2,0,6,2
2,0,8,2
2,1,24,2
0,0,1,5
0,0,0,5
2,0,27,2
1,1,13,5
0,0,19,5
2,2,2,5
2,0,45,3
3,2,29,1
0,0,25,5
5,0,25,4
0,0,14,5
1,1,61,5
3,0,26,4
0,0,1,5
3,1,3,2
3,2,15,4
0,0,0,5
2,2,1,5
0,0,3,5
4,4,43,5
0,0,0,5
0,0,1,5
0,0,1,4
1,0,29,1
5,0,64,1
0,0,9,3
11,1,40,2
0,0,29,4
2,2,44,5
0,0,8,5
1,1,0,5
0,0,16,5
1,1,15,5
0,0,14,2
2,2,3,5
5,5,46,5
2,1,0,2
0,0,1,1
0,0,5,4
1,0,14,2
28,28,515,5
1,1,1,3
6,1,82,4
1,1,45,5
6,1,30,2
4,1,1,1
0,0,0,4
2,2,36,5
0,0,23,5
1,0,14,2
21,0,244,1
2,1,10,4
4,1,38,4
3,0,26,3
2,2,40,5
5,0,41,1
1,1,44,5
2,0,26,4
2,1,33,2
2,1,0,2
8,2,115,4
3,3,18,5
0,0,1,5
0,0,0,3
2,2,4,5
3,1,18,4
3,2,4,4
4,4,66,5
2,2,36,5
0,0,37,5
1,1,47,5
2,0,27,4
1,1,22,5
2,1,15,4
30,5,262,2
0,0,23,5
1,0,4,4
3,3,14,5
2,0,7,3
0,0,5,1
0,0,5,5
1,0,22,4
3,0,14,1
8,1,85,1
0,0,54,5
2,2,20,5
0,0,2,2
8,2,126,1
6,6,113,5
5,5,87,5
1,0,4,1
1,1,55,5
1,1,1,5
0,0,10,5
0,0,17,5
8,8,108,5
0,0,17,5
0,0,47,5
0,0,0,5
0,0,21,5
0,0,1,3
1,0,0,4
3,1,17,3
2,2,1,4
8,0,103,4
1,0,48,2
23,5,328,4
0,0,16,5
0,0,15,1
9,3,103,4
4,4,11,5
6,3,0,2
1,1,4,5
1,1,13,5
0,0,1,2
1,1,2,5
5,1,4,1
0,0,15,5
0,0,3,4
0,0,1,5
6,0,52,1
2,2,35,5
1,1,7,5
1,1,19,5
0,0,0,4
0,0,0,5
0,0,8,5
13,1,110,2
2,2,4,5
2,1,0,2
3,0,61,1
9,1,125,3
2,2,9,5
0,0,0,5
0,0,2,5
0,0,10,5
0,0,0,5
5,0,81,2
0,0,1,5
2,0,21,4
2,0,42,2
0,0,2,5
5,0,26,1
5,1,109,4
7,4,9,2
1,0,0,2
0,0,0,2
0,0,17,3
0,0,0,3
0,0,4,4
2,1,2,4
1,1,48,4
0,0,2,2
1,0,21,3
0,0,2,4
3,2,15,4
9,3,57,2
5,0,33,3
2,0,16,2
5,0,12,2
7,7,40,5
4,1,79,3
1,1,38,5
2,0,3,1
2,2,14,5
3,3,71,5
1,1,4,5
2,2,6,5
3,3,22,5
0,0,11,3
0,0,0,5
0,0,6,5
1,0,2,3
2,2,23,5
2,2,51,5
1,1,66,5
2,0,2,4
0,0,14,1
3,3,41,5
1,1,74,5
0,0,2,4
2,0,12,2
2,0,14,2
0,0,4,5
2,1,8,3
3,3,21,5
4,3,0,4
2,2,20,5
2,2,33,5
5,5,18,5
0,0,4,5
4,1,9,2
1,1,9,5
3,3,34,5
1,1,118,5
2,2,14,3
4,4,102,5
5,1,55,1
16,11,60,2
7,1,77,1
0,0,3,4
0,0,1,2
6,1,0,1
4,0,46,3
0,0,3,5
1,1,93,5
2,2,28,5
6,2,100,2
2,2,3,4
4,0,24,1
6,0,53,2
1,1,19,4
2,2,20,4
13,7,123,3
0,0,3,1
3,3,10,5
2,2,12,5
6,5,1,4
3,3,35,5
3,3,4,5
4,0,15,2
2,2,54,5
4,4,3,5
0,0,18,5
0,0,1,1
0,0,3,5
1,1,7,5
1,1,0,5
8,3,65,4
0,0,3,2
8,2,120,4
8,1,49,4
0,0,7,3
3,3,31,5
2,1,5,2
0,0,2,5
0,0,5,5
1,1,2,5
8,0,131,2
1,1,2,5
0,0,1,5
5,5,64,5
3,0,30,2
0,0,2,5
6,2,18,2
0,0,0,5
1,0,2,4
3,0,1,1
1,1,5,5
0,0,2,4
1,1,24,5
0,0,2,3
3,3,0,5
1,1,48,5
5,1,21,4
14,1,138,3
3,0,17,4
4,4,42,5
0,0,6,5
0,0,51,5
1,0,25,2
0,0,0,3
0,0,0,5
0,0,0,5
1,1,3,5
0,0,4,5
8,8,46,5
1,1,49,5
1,0,17,4
5,2,47,4
2,2,68,5
2,2,121,5
3,3,23,5
0,0,11,5
1,1,13,5
7,7,106,5
2,2,12,5
1,1,22,5
2,2,1,5
0,0,6,3
1,1,0,5
5,3,0,4
1,0,18,4
1,0,14,2
0,0,2,5
2,2,67,5
0,0,1,5
0,0,0,5
5,3,6,3
7,7,83,5
0,0,12,1
2,1,2,2
4,1,16,3
2,0,6,3
1,1,4,5
0,0,2,5
3,0,49,1
2,2,3,5
1,1,1,5
0,0,21,5
3,3,16,5
2,2,10,5
7,2,54,4
5,0,36,2
0,0,2,3
1,0,1,1
9,0,67,1
3,3,28,5
5,1,54,1
13,3,39,2
0,0,3,3
0,0,3,3
1,1,4,5
7,7,15,4
3,2,1,4
0,0,0,4
1,1,12,5
4,4,64,5
1,0,20,4
0,0,19,1
5,1,5,2
1,1,21,5
1,0,28,2
0,0,31,5
7,7,50,5
0,0,7,3
5,5,54,5
5,0,38,3
2,0,43,3
2,2,1,5
2,2,6,5
7,0,114,3
1,1,0,4
2,2,38,5
4,4,64,5
2,0,51,2
0,0,0,4
9,1,30,1
0,0,66,5
0,0,48,5
2,2,28,5
12,12,110,5
2,2,5,5
4,2,30,3
3,3,37,5
4,4,46,5
0,0,0,5
0,0,0,5
1,0,8,2
1,0,14,2
0,0,1,5
2,2,48,5
1,1,55,5
0,0,0,5
2,0,4,3
5,1,29,2
1,0,10,1
1,1,22,2
5,0,76,2
12,2,2,1
4,0,48,3
2,2,1,4
2,0,20,1
1,0,0,1
0,0,7,3
5,5,63,5
7,7,199,5
1,1,26,5
9,2,108,3
7,0,118,1
1,0,1,4
1,1,0,4
2,0,46,2
1,0,16,3
2,2,25,5
2,2,9,5
4,4,71,5
1,0,9,3
0,0,3,5
1,0,14,4
1,1,9,3
1,1,9,5
1,0,2,2
2,1,10,4
1,1,10,5
0,0,6,5
7,2,22,2
0,0,12,5
1,1,5,5
4,0,98,1
0,0,0,4
4,0,65,1
1,0,3,1
1,1,7,5
2,2,23,5
0,0,12,1
3,0,15,4
0,0,1,5
1,0,7,2
1,1,3,5
1,1,8,3
1,1,17,5
0,0,3,2
1,0,24,1
4,4,23,5
2,2,0,5
1,1,20,5
0,0,0,3
1,1,1,5
1,1,42,2
5,3,2,3
8,3,2,4
1,0,1,1
0,0,5,5
0,0,0,5
1,0,7,4
0,0,43,5
5,5,101,5
2,2,1,5
1,0,2,1
1,1,11,3
3,3,0,5
9,3,122,4
1,1,4,5
0,0,8,5
5,0,49,3
0,0,1,5
3,0,5,4
0,0,6,5
1,0,7,1
2,2,22,5
1,0,8,1
2,0,31,2
1,0,45,3
1,0,1,2
0,0,0,3
9,0,133,2
4,2,44,3
1,1,10,4
1,0,2,4
1,1,18,5
1,1,38,5
0,0,0,5
9,1,129,3
4,4,39,5
1,0,2,3
2,2,40,5
1,1,11,5
2,0,56,2
0,0,2,5
3,3,18,5
3,3,13,5
2,0,0,2
3,0,16,2
7,1,56,4
1,0,3,4
2,2,34,5
7,0,58,1
1,1,25,5
2,2,3,5
2,2,65,5
1,1,11,3
0,0,11,5
2,0,22,4
0,0,0,5
0,0,1,2
0,0,3,3
1,1,15,5
0,0,4,5
0,0,3,5
9,1,128,3
0,0,5,5
3,1,4,3
4,2,24,2
0,0,0,5
0,0,1,5
1,0,5,2
6,2,29,3
0,0,10,1
1,0,25,3
6,1,64,4
1,0,10,2
0,0,3,5
3,0,9,1
4,4,1,4
4,0,19,1
3,3,49,5
2,0,26,4
3,0,15,4
0,0,55,5
4,1,5,4
0,0,1,4
11,6,14,3
0,0,0,1
1,1,2,5
0,0,2,5
3,0,3,2
0,0,20,5
0,0,8,2
2,2,16,4
5,1,21,3
2,0,27,1
0,0,0,5
0,0,12,4
0,0,8,5
0,0,3,2
1,0,9,4
3,1,18,2
2,0,6,4
3,3,12,5
2,1,0,1
3,1,0,3
2,0,32,3
0,0,32,5
3,1,24,2
2,1,0,2
2,2,11,5
3,1,9,2
1,1,14,5
5,2,32,2
2,1,5,2
1,1,15,5
6,2,14,1
0,0,6,5
2,0,45,1
1,1,16,5
2,0,9,1
11,2,58,3
2,2,29,5
24,4,205,4
1,0,1,3
0,0,0,4
7,7,116,5
1,1,6,5
4,2,36,4
0,0,1,5
5,4,30,4
1,1,18,5
9,0,73,2
1,1,3,5
1,1,6,5
2,2,71,5
1,1,4,5
8,1,94,2
0,0,36,3
1,1,6,5
9,1,117,3
0,0,2,4
2,2,24,5
1,0,0,1
9,2,26,1
2,0,2,1
2,0,29,2
8,0,94,2
0,0,4,2
0,0,8,5
1,1,2,5
5,0,97,1
0,0,9,5
4,4,29,5
6,1,52,4
0,0,2,5
2,0,5,1
1,0,10,2
0,0,9,5
9,2,22,2
5,1,32,4
3,3,31,5
8,2,114,4
3,3,0,5
1,1,2,5
13,13,53,5
9,1,69,3
0,0,33,5
8,1,46,4
1,1,1,5
1,0,8,1
4,1,17,3
0,0,3,4
0,0,1,5
0,0,0,4
3,3,0,4
4,4,26,5
0,0,1,5
0,0,1,2
0,0,0,5
0,0,1,5
0,0,9,4
1,0,13,3
1,1,0,2
0,0,1,3
3,3,28,5
0,0,27,2
6,0,57,1
0,0,27,5
1,1,3,5
11,7,50,4
0,0,18,5
1,1,6,2
1,1,8,5
0,0,17,5
2,2,60,5
0,0,11,5
0,0,0,1
7,0,16,1
4,0,29,1
8,8,139,5
4,4,126,5
4,4,35,5
0,0,4,5
4,1,65,3
2,0,27,3
3,0,45,4
1,1,7,5
6,3,7,4
5,5,67,5
5,0,21,2
1,0,3,3
10,0,86,4
3,3,81,5
0,0,13,5
0,0,6,4
7,0,87,1
1,0,2,3
1,1,3,5
1,1,18,5
1,1,1,5
2,0,28,2
4,4,99,5
0,0,1,5
1,1,2,4
1,0,9,1
3,0,59,1
9,9,114,5
4,4,39,5
4,0,51,2
1,1,1,5
5,5,145,5
0,0,0,4
0,0,0,5
9,7,80,4
5,5,53,5
2,2,41,5
0,0,3,2
0,0,3,4
1,0,6,1
3,0,11,4
2,1,11,2
3,3,63,5
1,0,8,3
1,0,26,3
0,0,2,4
4,0,18,1
4,0,70,1
10,4,53,4
0,0,2,2
2,0,21,2
2,1,22,1
0,0,5,5
3,0,43,3
0,0,9,5
5,5,38,5
1,0,3,2
2,2,6,5
3,3,19,5
6,0,44,1
2,2,18,5
6,1,34,2
0,0,3,5
1,0,42,3
0,0,2,5
0,0,1,5
13,6,65,4
0,0,4,3
3,3,57,4
0,0,0,5
1,0,13,2
0,0,5,5
2,2,1,4
10,2,129,2
0,0,29,5
0,0,1,2
2,2,44,5
2,1,0,1
0,0,11,2
0,0,10,1
2,1,11,4
3,0,20,3
6,0,62,1
1,1,10,5
1,1,30,5
1,0,5,1
1,0,4,2
9,0,75,2
1,1,4,5
0,0,33,3
3,2,6,3
5,5,33,5
3,0,42,3
4,0,55,1
0,0,5,5
0,0,0,4
6,0,36,1
3,1,124,1
0,0,1,5
0,0,18,5
2,0,31,4
3,3,39,5
1,1,67,5
3,1,18,2
5,5,30,5
3,0,55,2
0,0,2,5
1,1,5,5
1,1,7,3
10,2,6,1
3,0,46,1
0,0,7,5
1,0,4,2
8,0,98,2
0,0,2,1
5,0,71,2
0,0,0,1
1,0,3,3
2,1,1,1
0,0,25,5
1,1,3,5
0,0,19,5
1,1,5,5
1,0,41,3
6,6,102,5
4,1,9,4
2,0,39,1
4,4,65,5
0,0,1,2
3,0,33,2
3,3,1,5
0,0,12,4
2,2,0,5
0,0,1,1
10,2,55,1
0,0,1,5
3,3,14,5
4,1,12,1
2,2,1,4
0,0,4,4
1,0,18,2
1,1,19,5
0,0,16,5
2,1,19,4
0,0,4,5
3,0,18,4
0,0,3,2
2,0,3,1
1,0,4,3
2,0,24,1
5,5,25,5
2,2,5,5
1,1,3,5
0,0,1,5
2,2,2,5
0,0,11,4
3,3,100,5
0,0,0,5
2,1,26,2
0,0,21,2
4,4,33,5
0,0,1,5
1,1,7,5
12,1,52,1
0,0,1,4
3,3,26,5
5,0,12,1
1,0,39,4
2,1,3,3
25,3,390,2
0,0,0,5
0,0,5,5
2,2,7,5
4,0,13,3
6,1,8,2
0,0,3,5
3,3,82,5
2,0,6,2
3,0,69,1
2,2,73,5
0,0,3,5
0,0,4,5
1,1,0,3
2,1,77,2
0,0,3,2
2,2,9,5
4,1,52,4
1,1,81,5
0,0,1,5
2,2,33,5
2,2,55,5
0,0,0,5
1,0,16,2
1,0,8,4
1,0,20,3
3,0,1,1
5,5,34,5
24,0,320,2
6,6,58,5
1,1,21,5
5,4,14,4
2,0,1,2
4,0,57,2
0,0,1,3
1,0,36,1
2,1,39,4
3,3,50,5
0,0,9,4
2,2,25,5
4,4,1,5
5,4,10,4
0,0,2,5
2,2,34,5
6,6,24,5
2,2,0,5
1,1,1,5
3,1,7,1
2,2,4,5
0,0,2,5
1,0,10,1
1,1,22,5
0,0,2,4
0,0,1,4
0,0,5,5
2,0,4,3
0,0,4,5
1,1,10,5
0,0,0,5
1,1,0,4
1,0,3,2
0,0,23,5
2,2,4,5
0,0,1,5
0,0,2,2
14,5,18,2
2,2,3,5
0,0,1,2
0,0,2,5
4,4,65,5
3,3,50,5
3,3,9,5
2,2,0,2
0,0,47,5
0,0,2,3
1,1,3,5
0,0,1,1
11,0,143,1
0,0,3,5
3,0,12,2
4,0,16,2
0,0,0,5
1,1,23,5
4,4,76,5
3,3,40,5
2,2,25,5
4,2,49,4
9,2,36,3
0,0,3,5
0,0,1,5
5,0,70,1
1,0,1,2
3,3,7,5
1,1,11,5
0,0,2,1
4,4,11,5
0,0,5,1
2,2,14,5
0,0,1,5
2,2,101,5
1,0,16,4
17,1,122,2
1,1,23,5
1,1,30,5
5,5,4,5
0,0,0,4
0,0,20,1
0,0,4,3
0,0,9,5
1,0,15,2
2,2,14,5
3,3,26,5
1,1,35,5
0,0,2,4
0,0,12,5
0,0,27,5
0,0,0,5
2,2,73,5
0,0,3,3
4,4,5,5
0,0,4,3
3,0,15,1
0,0,1,2
1,0,11,1
3,0,24,1
0,0,3,5
0,0,0,4
10,4,66,4
1,0,15,1
3,1,40,4
7,2,46,4
1,0,12,3
0,0,31,5
0,0,6,4
2,0,8,2
1,0,9,4
4,0,30,2
2,2,31,5
3,0,45,2
6,6,121,5
2,1,7,4
2,1,5,4
3,0,27,1
0,0,0,1
1,1,5,5
4,2,0,4
3,0,34,2
2,0,27,1
4,1,0,2
3,2,0,4
2,2,31,5
2,2,36,5
1,1,1,5
5,5,11,5
0,0,11,5
4,4,92,5
4,0,119,1
6,1,28,1
0,0,20,5
1,0,10,1
0,0,11,1
6,6,11,5
0,0,4,2
0,0,1,5
0,0,8,2
3,3,21,5
1,0,5,2
0,0,7,4
0,0,0,4
5,5,18,5
3,2,0,3
0,0,3,5
2,2,30,5
0,0,0,1
1,1,6,5
7,0,73,1
7,2,24,1
1,1,14,1
8,0,48,4
1,0,26,2
0,0,3,5
0,0,5,2
3,1,45,4
3,3,1,5
2,2,4,5
8,1,50,1
3,0,32,2
6,6,143,5
0,0,2,1
0,0,18,5
0,0,3,5
1,1,23,5
6,3,33,4
0,0,14,5
1,0,0,3
3,3,70,5
1,1,6,5
3,3,1,5
0,0,2,5
9,3,132,1
1,1,14,5
8,8,134,5
1,1,1,5
2,2,5,5
6,0,61,4
2,0,14,1
0,0,1,5
0,0,2,1
3,0,5,1
1,0,39,4
0,0,0,5
1,1,46,5
3,0,65,3
1,0,23,1
13,0,71,1
2,2,68,5
30,6,370,4
1,0,3,2
3,0,41,4
0,0,0,3
1,1,14,5
1,0,3,2
1,1,52,5
0,0,21,5
2,0,8,1
2,1,2,4
0,0,4,5
3,0,19,4
1,0,14,3
0,0,5,5
0,0,1,3
0,0,7,5
1,0,17,4
1,0,25,2
2,2,1,4
2,2,25,5
6,6,3,4
0,0,1,1
3,3,19,5
1,0,6,3
0,0,2,5
1,1,3,5
0,0,0,2
1,1,21,5
0,0,3,4
8,1,64,2
1,0,39,4
5,2,54,3
0,0,1,5
3,3,1,5
6,6,74,5
7,0,64,2
5,5,34,5
3,3,44,5
1,1,3,5
1,0,13,3
2,0,4,1
2,1,9,2
0,0,2,5
0,0,2,1
1,0,2,3
4,4,2,5
5,5,59,5
1,0,89,1
9,3,127,3
1,1,16,5
0,0,0,2
2,0,37,1
3,0,50,1
0,0,12,5
1,0,28,3
7,2,37,4
1,1,17,5
1,0,1,1
5,5,63,5
5,1,90,1
6,1,44,4
0,0,58,1
3,1,1,2
2,0,12,3
2,2,85,5
0,0,2,5
4,4,94,5
3,0,47,3
5,0,14,2
3,3,39,5
0,0,2,2
2,0,7,2
4,2,21,2
0,0,11,3
7,2,49,3
0,0,3,5
0,0,47,5
2,2,29,5
1,1,6,5
4,0,13,1
0,0,3,5
2,2,10,3
3,0,47,1
1,1,1,5
1,1,6,5
0,0,1,5
5,5,53,5
4,1,7,3
0,0,25,5
0,0,24,5
1,0,2,1
8,1,8,1
8,1,75,1
3,3,6,5
1,1,4,5
7,1,48,4
3,3,14,5
0,0,3,5
11,3,161,2
1,1,14,5
0,0,29,5
7,5,24,4
0,0,4,5
1,1,0,5
8,8,53,5
1,0,5,2
0,0,3,5
4,0,30,2
0,0,4,2
5,3,22,4
1,1,34,5
0,0,7,1
0,0,0,5
6,1,41,4
4,1,3,1
3,1,44,3
0,0,0,4
4,0,4,2
5,2,2,1
0,0,2,3
2,2,4,5
0,0,0,5
1,1,36,5
2,2,16,5
3,0,23,3
1,1,1,2
1,1,13,5
0,0,15,5
18,3,235,4
35,35,477,5
6,6,67,5
4,2,46,3
2,2,40,5
0,0,1,1
5,0,35,4
0,0,7,5
0,0,0,5
6,0,22,1
5,1,25,1
2,2,2,5
2,2,158,5
1,1,80,5
0,0,0,4
3,0,30,3
2,1,41,4
2,1,2,4
5,2,17,2
1,0,5,4
1,1,3,1
1,0,5,4
1,1,5,1
9,6,0,4
4,4,74,5
0,0,14,5
0,0,9,5
3,3,102,5
1,1,10,5
0,0,0,5
7,2,44,4
4,4,2,5
0,0,1,2
0,0,1,4
2,2,63,5
3,0,2,2
3,3,86,5
0,0,5,5
3,0,1,1
8,8,8,4
5,2,4,2
4,0,31,2
0,0,3,1
14,2,118,2
2,0,41,2
2,2,50,5
3,3,74,5
2,0,4,3
0,0,3,5
0,0,0,5
3,1,31,2
0,0,30,5
6,1,36,4
4,2,2,2
0,0,0,5
0,0,51,5
7,7,89,5
2,0,38,4
0,0,2,1
1,1,6,3
4,4,6,5
0,0,1,5
1,0,15,2
1,1,8,5
1,0,19,3
14,0,178,1
1,1,13,5
1,0,34,2
2,2,12,5
16,16,442,5
0,0,0,5
0,0,4,5
5,1,4,2
2,2,0,3
0,0,0,5
10,3,41,2
1,1,20,5
2,2,13,5
0,0,4,3
1,0,21,2
1,1,2,5
5,1,94,4
1,1,1,1
10,0,72,1
2,0,22,2
1,0,3,2
2,0,5,3
5,5,36,5
9,2,34,2
2,0,2,1
0,0,3,5
0,0,1,3
0,0,6,5
1,0,4,2
0,0,0,5
1,1,4,5
6,0,60,2
0,0,1,2
9,9,215,5
0,0,0,4
0,0,2,3
3,3,54,5
0,0,10,5
0,0,1,4
0,0,9,5
16,2,252,4
2,2,21,5
5,5,21,5
2,2,65,5
3,3,42,5
0,0,33,5
2,2,0,5
5,0,109,2
4,0,44,4
3,0,57,1
3,0,20,4
0,0,1,4
0,0,5,5
0,0,18,5
2,2,23,5
0,0,84,5
3,3,146,5
2,1,1,2
1,1,7,5
0,0,0,3
15,15,137,5
2,0,0,3
2,2,2,5
3,3,81,5
7,0,148,3
3,3,19,5
0,0,0,5
1,1,52,5
0,0,0,5
2,0,4,1
0,0,0,5
0,0,27,1
0,0,1,5
0,0,2,1
8,1,67,1
0,0,0,4
0,0,2,1
3,3,43,5
1,1,4,2
4,0,64,2
3,2,25,4
1,1,10,5
3,0,25,3
0,0,3,2
1,1,61,5
4,1,72,4
1,1,13,4
0,0,7,5
0,0,3,5
1,0,3,4
1,1,12,5
1,1,9,4
3,0,8,1
0,0,4,5
1,1,36,1
0,0,30,5
8,0,66,2
1,0,1,1
3,0,13,3
8,3,36,3
0,0,11,2
4,2,14,3
0,0,2,5
0,0,0,5
8,0,67,1
1,1,22,5
10,0,118,3
6,6,28,5
0,0,0,4
8,5,31,3
6,4,22,4
1,0,4,2
1,0,22,2
0,0,16,1
2,1,34,4
1,1,10,4
7,7,65,5
1,1,2,1
2,2,3,2
1,0,15,1
2,2,13,5
4,1,36,2
2,0,0,2
3,3,18,5
5,2,5,4
2,2,18,5
1,0,2,1
3,1,26,4
2,0,3,1
1,1,10,5
4,4,16,5
1,1,1,4
1,1,6,3
1,1,21,5
7,1,99,2
0,0,1,2
0,0,0,2
0,0,0,5
2,2,15,5
0,0,3,5
0,0,1,1
6,1,115,4
2,2,59,5
5,5,12,5
0,0,15,5
2,1,0,1
3,3,50,5
0,0,22,5
3,3,9,5
3,3,63,5
0,0,2,5
1,0,2,3
1,0,2,1
2,0,27,1
0,0,1,5
0,0,0,1
6,6,61,5
2,2,10,3
0,0,3,4
0,0,19,3
3,2,0,3
0,0,0,2
3,0,15,1
1,1,1,5
0,0,2,4
2,2,32,5
3,2,2,4
1,0,13,1
0,0,12,3
2,0,22,3
5,2,41,2
7,6,3,4
0,0,1,3
3,1,5,2
0,0,0,4
7,0,60,1
1,1,20,5
2,2,97,5
2,0,56,2
3,3,3,5
2,1,17,4
1,1,60,5
4,1,54,4
3,3,16,5
0,0,0,5
1,1,36,5
0,0,42,5
0,0,4,2
2,1,3,2
2,2,1,5
0,0,3,1
0,0,1,5
1,0,16,4
1,1,10,5
1,0,1,2
2,0,10,1
6,1,15,2
0,0,26,5
2,2,24,5
5,5,41,5
5,0,38,2
6,0,50,2
0,0,2,1
3,0,2,2
8,0,63,1
1,0,7,1
2,2,33,5
0,0,0,5
3,1,2,3
0,0,0,3
1,1,2,5
1,1,13,4
2,0,24,2
3,3,22,5
3,3,57,5
5,5,125,5
0,0,0,1
1,1,30,5
6,2,5,2
5,5,61,5
0,0,2,4
3,0,11,1
27,1,145,1
3,0,18,3
0,0,6,5
1,0,3,4
0,0,0,5
3,0,11,3
2,2,18,5
10,1,107,3
3,3,4,5
3,2,0,4
7,0,76,1
4,0,26,1
2,0,15,3
8,2,13,1
1,1,31,5
0,0,6,5
2,0,37,2
1,1,2,5
0,0,7,5
10,10,95,5
0,0,4,5
0,0,1,4
2,0,9,4
5,2,24,2
0,0,0,5
23,23,511,5
2,2,35,5
2,2,16,5
1,0,6,2
1,0,3,4
10,9,25,4
1,1,9,5
5,5,70,5
1,1,18,5
0,0,3,3
3,0,44,1
2,0,13,2
1,0,18,4
0,0,7,3
2,0,41,1
0,0,35,5
0,0,17,2
0,0,4,2
2,0,59,1
10,2,103,4
3,3,40,5
2,0,4,2
2,2,53,5
1,1,27,5
3,3,64,5
1,0,38,3
4,0,1,1
5,2,34,3
0,0,0,4
6,0,22,3
1,0,9,4
20,20,314,5
0,0,6,1
1,1,1,5
6,6,95,5
5,0,16,2
11,3,64,3
0,0,1,1
3,3,24,5
3,0,41,4
3,3,3,5
11,3,89,4
0,0,0,5
4,4,15,5
0,0,24,5
2,2,1,5
5,0,74,1
7,2,67,2
1,1,0,5
0,0,11,3
0,0,4,2
1,0,13,1
2,0,14,3
2,2,70,5
0,0,1,5
0,0,1,5
0,0,9,5
0,0,2,3
5,1,45,3
0,0,0,4
6,6,227,5
5,2,28,4
0,0,1,3
1,1,16,5
2,2,3,4
0,0,3,3
2,2,1,4
6,0,25,2
1,1,1,5
5,5,2,5
2,2,2,5
2,0,14,4
0,0,1,4
0,0,5,5
6,6,63,5
1,1,0,5
1,1,31,5
1,1,59,5
4,1,42,1
0,0,3,5
0,0,12,5
0,0,1,2
1,0,19,2
1,1,0,5
0,0,13,5
0,0,9,5
4,0,26,3
3,0,5,3
5,0,48,2
1,0,20,2
3,3,49,5
0,0,2,5
1,1,18,5
1,1,1,5
8,8,89,5
6,2,1,2
1,0,3,4
1,1,52,5
3,0,18,3
2,0,57,3
2,2,55,5
1,0,3,1
2,2,6,5
3,1,0,2
5,5,98,5
6,0,45,4
2,2,28,5
1,1,16,5
1,1,1,5
0,0,1,5
21,5,191,4
1,0,22,1
4,0,17,1
0,0,24,5
4,4,35,5
1,1,15,5
1,1,10,5
1,0,2,2
5,3,21,4
3,0,31,1
0,0,1,5
0,0,10,5
2,2,3,5
6,6,57,5
2,0,7,1
3,1,53,2
5,5,31,5
17,12,1,4
0,0,0,5
2,2,1,4
1,1,38,5
1,0,3,3
0,0,4,2
1,1,19,5
2,2,53,5
4,0,29,2
0,0,13,1
18,4,135,4
1,1,13,1
3,3,13,5
0,0,1,5
0,0,27,5
3,3,6,5
1,1,15,5
5,5,47,5
3,0,41,3
0,0,2,5
0,0,3,5
0,0,11,5
0,0,27,5
0,0,2,2
0,0,19,5
0,0,20,5
0,0,2,5
0,0,0,1
1,0,10,2
1,1,61,5
3,1,55,3
4,4,25,5
0,0,0,2
0,0,2,4
0,0,2,5
0,0,1,4
4,1,35,3
4,2,13,3
1,1,3,5
0,0,1,5
1,1,3,5
0,0,0,4
0,0,3,4
1,1,22,5
1,0,15,1
0,0,0,4
3,3,17,2
1,1,31,5
1,1,21,5
4,4,57,5
3,3,25,5
5,5,47,5
0,0,4,5
1,1,8,4
5,5,221,5
0,0,1,3
3,0,78,1
1,0,12,2
1,0,15,2
0,0,25,5
2,2,41,5
12,0,224,4
3,3,31,5
3,3,39,5
1,1,14,5
4,0,3,2
1,1,4,5
2,2,14,4
3,3,74,5
2,2,3,3
0,0,11,5
0,0,3,2
1,1,13,5
0,0,2,5
0,0,2,3
1,1,68,5
0,0,3,5
3,0,5,1
2,2,35,5
3,3,19,5
4,1,25,1
11,2,62,1
6,3,0,3
1,1,2,5
5,2,37,4
0,0,7,5
5,0,40,4
4,4,93,5
3,3,2,4
1,0,14,1
5,5,48,5
1,1,3,5
11,1,118,2
1,0,10,1
0,0,0,5
3,0,59,1
4,0,36,1
1,1,3,5
0,0,0,5
1,1,28,5
0,0,6,5
1,1,60,5
2,0,32,4
4,4,140,5
0,0,2,1
6,6,55,5
3,3,32,5
3,2,32,4
5,1,26,1
2,2,6,5
4,1,26,4
2,2,7,5
1,1,1,5
3,3,53,5
1,1,5,4
1,1,3,5
4,4,60,5
11,5,15,4
1,1,3,4
0,0,1,4
6,0,34,1
2,2,40,5
0,0,1,2
3,1,26,2
4,2,28,2
0,0,1,5
0,0,0,5
2,0,18,2
6,6,51,5
2,2,6,5
2,0,47,1
5,5,28,5
0,0,0,2
3,1,35,2
8,2,73,2
4,4,169,5
0,0,5,3
5,5,85,5
16,16,506,5
1,1,9,5
0,0,1,2
0,0,1,5
0,0,1,1
0,0,2,5
0,0,23,5
7,2,91,2
5,1,74,3
3,0,76,4
3,0,44,1
0,0,3,2
1,0,4,2
4,4,4,4
1,0,26,4
1,1,0,5
3,0,28,1
1,1,18,5
0,0,1,5
2,0,11,2
6,0,42,2
0,0,4,5
1,1,0,5
0,0,9,1
0,0,25,4
2,1,5,2
0,0,3,3
9,4,36,4
2,2,18,5
8,2,28,2
0,0,1,5
2,0,22,2
1,1,3,5
1,1,2,1
10,9,5,4
6,6,15,5
0,0,28,3
17,17,506,5
4,0,47,2
0,0,13,5
2,0,41,1
2,0,7,4
3,0,31,3
2,2,52,5
1,0,7,1
5,5,148,5
2,2,4,4
3,0,92,3
1,0,3,3
1,0,2,1
0,0,0,2
0,0,2,5
2,2,89,5
0,0,0,5
3,3,13,5
1,0,1,1
1,1,7,2
0,0,0,5
3,1,26,4
0,0,4,5
0,0,1,5
7,7,30,5
8,1,58,1
11,1,99,2
0,0,1,1
4,1,20,2
1,0,7,2
0,0,24,5
0,0,61,5
5,5,3,5
0,0,1,5
3,0,27,2
2,0,9,1
0,0,8,5
4,1,21,2
0,0,1,5
0,0,0,1
0,0,0,5
2,0,5,1
1,1,25,5
0,0,26,5
0,0,4,5
1,1,0,4
0,0,3,4
4,2,24,1
2,2,74,5
2,2,35,5
12,0,217,1
1,1,7,4
0,0,1,2
0,0,13,5
8,1,61,4
0,0,2,5
2,2,19,5
3,0,3,1
3,3,16,5
0,0,1,5
0,0,2,4
0,0,17,3
0,0,10,1
2,0,4,2
1,1,5,5
1,1,1,5
1,1,18,5
6,6,11,5
1,0,17,2
3,3,25,5
2,2,7,5
2,0,5,4
0,0,5,4
1,1,11,5
1,0,1,1
0,0,2,4
1,1,2,4
13,1,169,3
6,0,32,1
0,0,0,2
1,1,2,4
5,5,116,5
0,0,12,5
1,0,13,1
2,1,24,3
5,1,39,2
3,3,23,5
4,0,23,2
2,1,17,1
0,0,0,5
3,2,3,4
0,0,1,5
1,1,1,5
0,0,3,5
8,8,53,5
1,0,9,1
1,1,29,5
2,0,24,1
1,1,1,5
2,2,16,5
2,0,8,4
1,1,6,5
5,1,33,2
1,0,14,1
2,2,4,5
0,0,2,4
4,0,57,1
0,0,18,1
4,0,8,2
3,3,103,5
9,9,40,5
1,1,16,5
3,0,24,3
1,1,6,5
2,0,17,2
0,0,37,5
1,0,3,1
1,0,2,3
2,2,2,5
9,1,40,2
5,5,38,5
0,0,3,5
3,3,33,5
0,0,30,5
1,0,21,2
4,1,36,1
1,0,40,2
9,2,48,4
2,1,2,4
0,0,1,1
8,2,184,3
3,0,4,3
1,0,9,2
0,0,35,5
1,0,20,2
4,4,30,5
1,0,3,2
0,0,8,5
0,0,59,3
3,1,0,3
2,1,1,4
0,0,25,5
0,0,4,3
5,5,29,5
2,2,63,5
1,0,7,3
1,1,42,5
1,1,19,5
0,0,7,2
2,0,22,2
0,0,1,5
43,6,475,4
5,1,1,1
1,0,12,4
1,1,29,5
0,0,0,5
0,0,7,5
0,0,3,5
0,0,1,3
1,1,11,5
2,2,18,5
1,1,14,5
2,2,24,5
0,0,0,3
8,2,13,2
1,0,8,3
0,0,6,1
2,0,19,4
2,2,35,5
2,0,28,2
1,1,5,4
2,0,16,4
5,0,39,1
0,0,1,3
1,1,11,5
6,0,89,1
1,1,1,3
2,0,7,3
0,0,0,5
1,1,8,5
1,1,0,5
4,0,49,3
2,0,7,1
1,1,41,5
0,0,2,5
2,1,27,4
1,1,27,5
1,1,47,5
3,1,3,4
1,1,4,5
5,0,47,1
0,0,6,4
5,0,48,1
0,0,2,3
1,1,10,5
4,4,63,5
0,0,0,2
20,0,232,1
0,0,3,5
0,0,1,5
2,0,4,3
0,0,1,5
1,0,18,1
0,0,40,5
2,2,0,3
5,0,25,2
15,2,135,2
5,1,81,4
1,0,4,1
0,0,2,5
3,0,46,1
1,1,60,5
0,0,33,5
2,2,1,2
1,0,10,3
3,2,24,4
7,7,46,5
4,1,9,1
2,0,0,1
0,0,20,5
7,2,60,4
7,7,130,5
0,0,6,4
0,0,2,2
0,0,1,5
3,0,37,4
0,0,4,1
4,0,54,1
1,0,5,2
1,1,2,4
2,0,3,2
0,0,33,4
2,2,45,5
3,3,37,5
2,0,2,1
1,1,0,5
3,1,1,2
1,1,14,5
2,2,2,3
2,1,4,4
0,0,0,4
0,0,4,5
6,6,50,5
2,0,13,1
1,0,20,3
3,3,1,5
1,1,18,5
6,2,29,2
1,1,53,5
0,0,0,2
1,0,26,4
3,3,71,5
3,0,20,2
1,1,16,5
0,0,12,5
1,1,28,5
0,0,1,5
0,0,13,1
0,0,1,5
5,1,25,4
2,1,1,2
1,1,0,5
1,1,2,5
7,3,58,3
3,0,9,3
2,2,39,5
4,4,10,5
3,1,33,1
0,0,3,4
1,1,2,5
0,0,0,4
0,0,10,5
3,3,86,5
1,1,13,5
4,4,17,5
0,0,0,5
1,1,0,5
10,1,56,3
7,1,66,2
4,4,53,5
0,0,5,5
3,2,2,4
0,0,13,3
0,0,13,5
3,3,81,5
1,0,41,4
6,6,78,5
0,0,14,2
6,0,30,2
2,0,11,3
0,0,1,3
4,0,5,1
2,2,28,5
2,0,6,2
3,1,1,2
1,0,11,4
0,0,10,4
3,3,2,5
0,0,10,1
8,0,24,2
0,0,0,2
1,0,5,4
1,1,2,5
7,6,5,3
10,2,54,1
8,1,88,3
2,2,60,5
9,3,122,3
0,0,47,5
3,3,71,5
1,0,57,2
4,0,28,4
0,0,28,5
1,1,9,5
1,1,37,5
17,2,217,4
1,1,4,5
2,2,4,2
3,0,15,1
0,0,4,5
2,0,14,2
2,2,9,5
8,8,53,5
0,0,31,5
4,0,62,4
3,1,34,2
1,1,11,5
2,0,11,1
0,0,1,4
0,0,37,5
0,0,0,1
5,0,26,1
2,1,18,1
0,0,3,3
4,1,20,2
0,0,3,5
0,0,8,5
1,1,3,5
2,2,72,5
0,0,10,3
1,1,11,5
4,3,1,4
1,1,28,5
10,1,71,1
0,0,27,5
0,0,16,3
1,1,1,5
2,2,23,5
2,2,73,5
1,0,0,2
4,4,9,5
2,2,17,5
0,0,0,5
2,1,1,2
2,1,2,2
2,2,35,5
0,0,16,1
4,1,27,2
3,3,3,5
2,2,13,5
4,0,31,3
0,0,15,2
1,1,20,5
4,1,0,1
2,0,18,2
0,0,1,4
0,0,13,2
5,3,28,4
1,0,49,4
1,0,36,3
3,1,0,2
2,2,42,5
4,4,56,5
2,1,0,2
6,6,37,5
3,1,14,4
1,1,1,5
2,0,17,2
1,1,53,5
8,1,3,1
3,3,118,5
2,1,3,1
2,2,26,5
0,0,3,5
1,1,18,3
2,1,3,1
1,0,37,2
3,0,81,3
0,0,2,5
1,1,12,5
1,0,23,2
0,0,6,5
1,0,6,1
0,0,3,2
0,0,12,5
1,1,3,5
2,2,5,5
0,0,4,1
0,0,12,5
10,6,37,2
1,1,2,5
0,0,0,5
7,4,67,4
0,0,2,1
2,0,5,1
2,1,6,1
5,2,3,2
5,1,62,1
1,0,4,2
2,2,33,5
0,0,1,5
5,4,90,3
6,1,87,3
1,0,2,1
0,0,5,5
1,1,0,5
5,1,19,3
0,0,2,1
0,0,1,5
1,1,58,5
9,9,105,5
6,6,36,5
0,0,2,5
2,2,35,5
0,0,2,5
1,1,1,5
1,1,43,5
0,0,5,5
1,1,3,5
15,4,165,3
0,0,4,5
12,12,38,5
0,0,6,5
1,1,3,5
0,0,0,4
0,0,4,5
1,1,44,5
3,3,35,5
2,1,44,4
0,0,27,5
0,0,25,5
2,2,41,5
1,0,10,1
4,4,61,5
7,7,4,5
6,6,97,5
5,1,64,4
7,2,40,3
1,1,18,5
4,0,42,2
2,2,10,5
0,0,1,5
6,2,16,3
1,1,19,5
5,1,3,2
6,1,144,3
8,1,152,2
0,0,2,5
6,1,19,2
0,0,17,2
1,1,5,5
0,0,3,5
2,0,50,4
0,0,13,5
4,0,24,1
9,2,114,3
2,0,1,1
2,0,36,3
0,0,14,2
0,0,19,3
0,0,14,5
8,0,123,1
6,2,37,2
0,0,33,4
3,0,66,1
6,1,37,3
1,1,1,5
2,2,50,5
2,2,13,5
0,0,19,5
0,0,1,5
1,1,5,5
1,0,2,4
1,0,2,3
0,0,4,5
3,3,25,5
0,0,5,5
2,1,0,3
2,1,15,3
1,1,3,5
2,2,35,5
9,3,22,2
3,0,31,1
10,1,78,1
4,1,23,4
2,2,0,3
0,0,8,1
7,2,2,1
0,0,27,5
0,0,16,5
1,1,1,5
5,5,20,5
1,0,30,2
2,2,25,5
7,3,77,2
2,2,26,5
1,1,16,5
5,5,22,5
0,0,0,2
2,2,22,5
0,0,2,5
3,3,16,5
4,1,54,4
11,2,29,1
1,0,1,2
1,0,2,4
0,0,22,5
0,0,2,5
2,2,28,5
1,0,11,4
3,3,1,1
0,0,2,5
0,0,6,5
3,0,44,4
2,0,6,1
1,1,32,5
1,0,3,4
9,0,49,4
5,0,121,1
1,0,7,4
0,0,0,1
0,0,7,1
0,0,6,5
0,0,3,5
1,0,11,3
3,3,98,5
0,0,55,5
5,0,54,3
2,2,23,5
2,1,6,4
3,3,8,5
3,3,45,5
0,0,4,5
3,3,74,5
2,0,38,1
1,1,55,5
7,2,62,2
5,5,73,5
2,2,44,5
3,3,41,5
0,0,1,5
2,0,43,3
4,4,3,5
2,2,21,5
3,3,35,5
3,0,5,2
0,0,22,5
1,0,3,1
1,1,1,5
2,0,8,2
2,2,3,5
0,0,1,5
1,1,28,5
0,0,1,5
1,0,2,4
6,0,6,1
3,3,14,5
3,2,7,4
1,0,22,3
1,0,6,4
5,5,84,5
2,0,39,4
2,2,112,5
17,7,172,4
1,0,1,2
3,1,9,2
0,0,1,5
1,0,7,2
1,1,1,4
4,0,30,1
3,3,29,5
2,2,110,5
0,0,3,5
0,0,1,5
0,0,3,5
1,0,2,3
0,0,2,5
1,1,22,5
5,1,19,1
0,0,1,5
2,0,37,4
0,0,5,2
0,0,1,4
1,1,0,3
2,0,14,1
0,0,1,2
0,0,7,5
3,0,5,2
0,0,1,4
1,0,37,3
0,0,3,4
9,3,20,3
2,2,19,5
0,0,57,5
14,5,66,4
0,0,17,5
26,1,372,1
0,0,3,4
0,0,1,5
3,1,33,4
9,4,83,4
0,0,2,3
0,0,31,5
0,0,18,5
2,0,11,3
1,0,32,2
7,3,34,4
2,0,42,2
7,7,20,5
1,1,46,5
0,0,0,5
1,0,1,3
0,0,31,4
0,0,6,5
1,1,20,5
3,2,3,3
6,0,65,2
0,0,2,2
2,0,56,4
0,0,0,5
3,0,10,2
4,1,14,3
5,3,81,4
1,1,6,5
13,2,107,1
1,1,3,5
5,0,62,1
0,0,4,5
1,1,23,5
0,0,4,4
0,0,1,4
1,0,2,1
5,4,3,3
3,3,35,5
3,0,26,2
0,0,0,5
4,0,24,3
4,0,44,1
0,0,20,5
0,0,1,4
1,0,2,1
2,1,17,4
0,0,9,5
12,1,161,1
2,2,3,5
1,1,15,3
0,0,1,1
3,3,21,5
1,0,6,1
0,0,13,1
1,1,30,5
1,0,27,2
1,1,18,5
2,1,13,4
1,0,3,1
1,1,0,5
0,0,19,5
2,2,45,5
1,1,9,5
12,4,65,1
1,1,6,5
3,1,30,3
2,2,1,5
8,3,56,4
0,0,4,2
3,0,12,1
1,1,2,5
2,2,16,5
5,1,46,3
1,1,1,3
17,4,213,3
0,0,2,5
1,0,4,2
4,3,0,4
11,11,73,5
2,2,22,5
0,0,36,1
0,0,7,5
2,0,9,2
5,4,0,4
4,0,33,1
2,2,20,5
2,2,18,5
5,5,34,5
6,1,64,4
9,2,112,2
5,0,30,1
4,0,50,1
2,0,27,4
2,2,54,5
0,0,5,5
0,0,2,5
1,1,0,5
1,1,5,5
4,4,12,5
4,0,18,4
2,2,9,5
26,8,410,4
7,3,2,2
2,1,2,3
2,1,52,2
2,2,48,5
2,2,69,5
1,0,15,2
0,0,6,5
5,5,73,5
1,0,1,3
0,0,4,5
1,1,10,5
1,0,3,1
4,0,26,1
0,0,1,5
0,0,3,5
1,1,20,5
0,0,55,5
3,2,29,4
7,2,55,2
7,7,21,5
1,0,3,1
1,1,2,5
0,0,17,5
1,1,2,5
0,0,6,5
2,0,16,1
4,0,21,2
6,0,40,2
4,0,25,4
3,3,24,5
2,2,40,5
0,0,0,4
0,0,1,5
7,1,25,2
1,1,50,5
8,2,54,3
3,3,33,5
0,0,1,5
0,0,2,5
1,1,14,5
1,1,44,5
0,0,1,2
3,1,15,4
5,0,32,4
0,0,9,5
1,0,0,2
7,7,119,5
4,4,47,5
2,2,18,4
6,0,22,1
4,4,58,5
1,0,0,3
1,1,20,2
2,0,11,2
2,0,17,4
1,0,20,2
9,2,86,3
1,1,9,5
0,0,2,1
13,8,90,4
1,0,19,3
1,0,18,3
0,0,3,5
2,2,52,5
1,1,10,4
15,1,119,2
0,0,7,5
4,0,54,1
1,0,33,3
0,0,4,4
0,0,0,2
1,1,47,5
5,5,163,5
5,3,1,2
0,0,4,5
1,1,37,5
1,1,1,5
0,0,16,2
4,1,38,1
2,2,24,5
1,1,4,5
2,0,15,3
1,1,23,5
0,0,2,4
0,0,2,5
1,1,21,5
0,0,8,3
2,2,6,5
3,3,15,5
4,1,28,4
4,4,75,5
2,0,6,1
0,0,0,1
3,3,40,5
0,0,0,1
0,0,1,2
2,2,83,5
1,1,37,5
5,5,63,5
3,0,10,1
0,0,1,4
4,0,19,1
2,0,7,4
0,0,24,5
0,0,0,5
1,1,2,5
3,2,8,4
4,0,59,2
1,1,5,5
1,1,20,5
1,1,6,3
1,1,79,5
0,0,13,2
0,0,2,3
5,1,10,2
7,0,79,4
1,0,11,1
2,2,1,5
0,0,4,5
3,3,12,5
2,1,17,2
0,0,0,1
0,0,7,5
3,0,5,4
1,0,4,1
8,5,32,1
10,10,64,5
0,0,3,4
1,0,15,4
3,0,28,4
2,1,26,4
9,3,50,4
1,1,4,5
6,0,17,2
4,1,25,1
1,1,2,4
1,1,24,5
7,1,99,4
1,1,1,5
0,0,16,2
8,0,14,1
1,1,1,5
4,0,6,1
3,0,37,3
2,2,40,5
2,0,22,4
3,1,2,3
7,7,103,5
2,0,19,3
6,1,45,1
2,2,9,5
0,0,3,3
2,0,3,4
1,1,49,5
0,0,28,5
0,0,4,5
0,0,10,5
10,0,71,1
3,3,2,5
1,0,1,1
15,2,223,3
2,2,6,5
3,1,18,4
4,0,37,1
2,0,3,1
5,5,30,5
0,0,2,4
0,0,58,5
4,0,17,1
0,0,1,5
0,0,1,5
0,0,0,5
3,3,35,5
1,0,9,4
2,2,59,5
0,0,4,4
17,1,264,2
2,2,0,5
1,1,7,5
1,0,4,1
1,1,53,5
2,1,11,3
0,0,3,5
0,0,0,5
0,0,1,5
2,2,26,5
9,3,89,4
0,0,10,3
0,0,1,5
0,0,3,5
0,0,9,5
0,0,6,5
2,0,44,3
6,6,72,5
6,0,70,2
5,5,1,4
1,1,28,3
0,0,2,5
6,6,209,5
0,0,4,5
0,0,4,5
0,0,3,5
0,0,3,5
4,1,31,1
2,2,22,5
0,0,5,2
0,0,1,5
3,3,5,5
1,1,21,5
0,0,28,5
9,9,130,5
5,4,38,4
2,2,0,5
1,1,2,1
2,2,2,5
0,0,0,5
0,0,3,5
0,0,5,5
5,4,9,3
7,1,99,4
2,2,57,5
1,1,14,5
2,0,0,1
4,0,40,1
1,0,18,4
10,4,1,2
0,0,1,1
2,0,21,1
0,0,10,5
3,2,13,4
0,0,1,3
7,4,50,4
0,0,1,5
1,0,23,4
1,1,29,5
1,1,30,5
0,0,6,5
3,3,1,4
3,0,6,1
1,1,0,2
1,0,8,3
4,4,1,5
5,1,38,2
2,1,21,4
2,0,19,1
0,0,35,5
0,0,0,4
1,0,3,3
1,0,2,1
3,1,11,2
0,0,32,5
3,3,2,5
1,0,5,2
0,0,4,3
2,2,26,5
1,1,5,5
0,0,4,5
0,0,1,2
3,0,14,4
0,0,1,3
0,0,0,1
1,1,19,4
2,2,62,5
1,1,23,5
3,0,7,3
0,0,24,2
2,2,33,5
0,0,6,5
1,1,1,5
6,6,96,5
5,5,34,5
2,2,11,5
3,2,34,2
8,6,31,4
1,1,1,5
7,3,68,3
2,0,34,4
0,0,34,5
6,2,66,4
1,0,2,3
5,3,90,4
3,3,2,4
4,4,93,5
3,0,3,1
0,0,39,5
0,0,1,5
3,0,1,2
1,1,10,5
2,0,33,1
0,0,1,5
0,0,1,4
0,0,13,3
1,1,1,5
6,0,69,3
1,0,3,1
0,0,2,1
1,1,2,5
0,0,9,4
1,0,35,4
0,0,0,5
0,0,4,2
1,0,3,3
0,0,2,1
1,1,1,2
3,0,38,1
3,1,15,4
0,0,10,5
0,0,0,5
0,0,3,5
5,5,4,5
2,2,44,5
0,0,2,4
2,2,59,5
3,0,26,1
1,1,9,5
0,0,0,5
4,4,74,5
3,0,32,2
2,2,2,5
2,0,19,1
1,1,43,5
1,1,2,5
0,0,4,2
3,3,10,5
6,6,42,5
1,1,0,5
5,5,0,5
1,1,11,5
1,0,54,2
0,0,0,2
4,4,67,5
0,0,3,5
1,1,3,5
2,0,7,4
0,0,2,2
2,2,9,5
3,3,34,5
2,0,25,3
4,4,1,5
2,0,13,1
4,0,2,3
0,0,2,5
7,7,15,5
2,2,22,5
6,6,2,5
1,0,3,2
5,5,143,5
8,3,41,4
1,1,0,5
3,0,46,1
2,2,45,5
4,4,31,5
0,0,2,5
1,0,1,1
3,3,79,5
0,0,0,1
1,1,0,5
0,0,3,4
4,1,2,2
2,2,1,5
0,0,2,5
0,0,1,5
2,1,0,4
6,6,177,5
2,1,38,2
2,0,4,1
8,3,52,4
4,4,61,5
0,0,2,1
3,3,50,5
11,11,58,5
0,0,13,1
2,1,3,3
1,0,11,3
2,2,10,3
4,0,55,1
2,2,42,5
0,0,2,1
0,0,5,3
0,0,14,2
0,0,3,1
2,0,4,3
1,1,18,5
0,0,32,5
1,0,0,2
1,0,20,1
3,3,126,5
2,0,36,1
0,0,1,5
3,3,4,5
0,0,7,5
2,0,6,3
2,2,6,5
1,0,15,4
1,1,18,5
0,0,15,5
8,2,132,3
5,0,39,1
3,3,56,5
1,1,2,4
1,1,45,5
0,0,20,2
1,0,21,3
0,0,0,2
2,0,37,2
2,2,38,5
4,1,26,2
0,0,1,2
1,0,4,1
0,0,31,5
4,4,86,5
1,1,10,5
0,0,9,5
1,1,10,5
2,0,17,2
7,7,177,5
7,1,45,1
3,1,8,3
8,8,260,5
2,2,26,5
1,1,30,5
2,2,17,5
2,0,0,2
0,0,4,5
0,0,0,4
0,0,1,5
5,5,129,5
1,1,4,3
0,0,0,2
2,2,22,5
5,2,37,4
1,1,40,5
4,4,36,5
1,1,25,4
1,1,43,3
3,3,0,5
7,1,29,2
1,0,5,1
5,0,42,1
3,0,43,1
1,0,17,1
2,0,9,1
2,1,15,4
0,0,13,1
1,0,10,3
1,0,0,1
0,0,7,4
0,0,0,3
2,2,0,5
1,0,16,3
0,0,40,5
1,1,5,5
5,0,55,4
7,3,59,4
0,0,16,5
2,0,20,2
0,0,1,5
2,0,17,3
1,0,26,1
0,0,2,5
1,1,23,5
7,0,31,1
0,0,2,5
0,0,0,1
1,1,18,5
4,0,51,2
7,7,105,5
2,0,26,3
1,0,3,4
2,1,9,3
3,3,47,5
0,0,5,5
1,0,13,2
0,0,3,5
0,0,37,5
2,2,8,2
3,3,10,5
2,0,25,3
1,1,4,5
3,3,35,5
0,0,0,2
0,0,6,3
1,1,1,4
5,4,2,4
0,0,8,2
0,0,2,1
5,0,41,1
1,1,27,5
0,0,1,5
0,0,14,5
9,1,26,1
1,1,5,5
0,0,38,5
5,5,61,5
6,2,66,4
1,1,5,5
2,0,3,2
1,1,0,5
2,0,12,2
2,2,0,5
0,0,5,5
2,0,65,2
2,2,1,5
5,3,80,3
1,0,1,4
6,1,56,2
2,2,29,5
2,0,9,2
1,1,43,4
0,0,19,5
1,1,2,5
6,3,69,3
1,1,16,5
9,2,2,1
0,0,4,3
0,0,3,5
8,3,103,4
8,1,102,4
10,10,74,5
8,3,15,4
8,8,198,5
0,0,17,5
0,0,19,5
0,0,5,5
0,0,1,5
4,3,59,3
0,0,1,5
2,0,2,2
0,0,3,1
3,0,48,2
6,6,162,5
1,1,14,5
4,0,2,1
3,0,10,3
0,0,3,5
8,8,150,5
3,3,14,5
4,4,55,5
0,0,1,5
2,0,13,4
2,2,28,5
1,0,60,4
2,1,45,3
3,1,8,3
0,0,1,5
1,0,1,4
0,0,6,5
1,1,5,5
0,0,1,5
2,2,0,5
5,4,3,4
1,1,2,5
6,6,67,5
4,4,180,5
1,1,2,2
1,1,18,5
0,0,19,5
2,1,18,2
0,0,62,5
2,1,3,3
1,1,10,5
0,0,3,5
8,8,201,5
3,1,22,3
5,0,31,1
5,0,19,1
4,4,3,5
3,3,28,5
1,0,15,3
4,4,86,5
0,0,1,4
1,1,27,5
16,9,30,3
16,2,59,1
0,0,18,5
1,1,33,5
0,0,5,4
0,0,6,1
0,0,0,5
5,1,25,4
0,0,13,5
3,2,28,2
1,1,17,5
0,0,2,2
1,1,53,5
6,1,117,4
0,0,7,3
0,0,1,1
0,0,4,5
1,0,2,2
7,2,56,4
3,2,47,3
0,0,2,5
6,4,45,3
4,2,5,2
5,1,69,3
1,0,11,3
0,0,13,5
0,0,29,5
3,0,60,2
1,1,0,5
1,1,31,5
0,0,8,5
1,1,7,5
11,1,80,2
1,1,16,2
3,0,15,2
2,0,2,1
1,0,12,2
0,0,20,2
3,0,26,4
4,1,37,2
5,3,39,4
5,4,3,4
1,1,10,5
4,0,53,2
4,0,52,3
4,4,67,5
0,0,10,4
1,0,9,4
4,0,64,2
2,2,11,5
1,1,37,5
5,1,67,2
1,1,5,5
1,0,32,3
0,0,1,1
0,0,19,1
1,0,12,4
0,0,20,5
0,0,0,1
0,0,5,5
7,1,111,1
2,2,18,5
15,7,137,4
6,2,68,4
3,3,27,5
0,0,16,5
12,2,152,4
0,0,14,5
3,3,36,5
3,0,2,1
1,1,3,5
1,1,16,5
5,1,38,4
2,1,23,3
0,0,2,5
9,0,81,1
6,3,18,4
0,0,33,5
1,1,29,5
2,2,41,5
2,0,3,2
0,0,48,5
7,7,85,5
3,2,27,2
0,0,2,5
1,1,45,5
6,0,72,1
1,1,9,5
7,0,39,1
0,0,2,5
1,0,39,4
2,2,142,5
1,1,0,4
1,1,1,4
2,0,31,2
0,0,0,3
1,1,5,5
3,3,34,5
4,4,5,5
2,0,3,1
0,0,0,1
3,0,35,3
1,0,20,3
2,2,19,5
3,0,26,1
3,3,36,5
1,1,24,5
0,0,1,5
0,0,1,1
0,0,5,5
0,0,2,5
2,2,52,5
0,0,3,2
0,0,23,2
0,0,2,5
2,0,16,2
2,2,6,5
1,1,12,5
1,0,6,3
0,0,15,5
3,3,0,5
2,2,33,5
9,0,115,1
4,1,33,4
4,4,71,5
0,0,2,5
4,0,18,2
1,0,8,2
7,0,64,4
1,0,2,3
41,8,357,4
1,1,9,5
3,3,81,5
7,2,41,2
2,0,2,2
5,5,17,5
1,1,28,3
0,0,3,5
1,1,5,5
3,0,20,2
1,0,9,1
2,2,110,5
2,2,18,5
1,1,28,5
3,0,12,2
1,1,1,5
0,0,0,1
0,0,26,5
2,1,30,3
0,0,0,5
5,3,57,4
1,1,1,1
0,0,0,5
1,1,6,5
1,1,1,1
2,2,21,5
0,0,0,5
1,1,40,5
1,1,49,5
2,0,35,2
6,2,95,4
3,0,34,3
2,2,20,5
0,0,34,5
2,1,14,4
0,0,28,5
0,0,4,5
4,0,46,2
14,1,173,2
1,0,57,3
7,7,68,5
5,2,59,3
1,1,87,5
2,2,34,5
4,2,47,4
3,1,17,1
0,0,0,5
0,0,2,5
0,0,9,2
0,0,1,5
6,2,45,2
0,0,6,5
0,0,0,4
1,0,27,4
0,0,1,5
2,0,43,2
1,1,32,5
3,3,15,5
0,0,39,5
6,6,3,5
3,1,16,3
0,0,3,2
1,1,9,5
0,0,1,5
3,3,16,5
1,1,38,5
5,0,81,1
5,0,59,1
4,1,36,2
0,0,0,5
1,1,15,5
3,2,16,4
0,0,4,5
2,2,13,5
3,3,10,5
6,1,67,4
2,2,13,5
0,0,0,5
1,0,11,4
8,7,1,4
4,1,38,4
2,1,2,2
1,1,13,5
0,0,1,5
5,5,149,5
0,0,0,2
5,2,27,4
0,0,3,5
1,1,24,4
2,0,8,4
0,0,9,5
0,0,18,4
10,2,83,2
0,0,14,1
0,0,15,4
1,0,6,1
2,0,24,4
3,3,4,5
8,8,127,5
4,4,6,5
1,1,18,5
1,0,17,1
0,0,30,1
1,1,20,5
1,1,38,5
5,0,39,2
0,0,3,5
2,0,4,2
0,0,24,5
5,5,156,5
0,0,0,5
9,4,44,4
2,2,42,5
4,4,74,5
0,0,18,2
1,1,0,2
3,0,10,2
0,0,2,2
0,0,0,3
4,4,20,5
0,0,1,5
13,1,172,1
7,7,68,5
5,5,167,5
1,1,39,5
0,0,11,3
0,0,2,5
2,0,1,3
4,4,117,5
1,0,9,2
4,0,18,1
10,1,92,4
0,0,4,5
1,1,2,5
1,0,1,2
1,1,2,5
1,1,30,5
3,2,2,4
1,0,6,3
2,2,55,5
0,0,5,5
1,1,14,5
7,7,117,5
0,0,0,2
2,2,56,5
19,1,172,2
0,0,3,1
1,1,6,4
1,1,0,5
6,2,25,1
7,4,10,4
0,0,1,5
3,3,90,5
4,4,4,5
2,0,15,3
0,0,0,5
7,4,130,4
1,0,5,2
7,0,32,1
8,7,4,4
2,0,25,4
8,6,3,3
4,3,37,4
1,1,6,5
2,1,13,4
5,5,67,5
2,1,5,2
6,6,4,5
3,3,0,5
1,1,3,5
2,2,0,5
2,2,5,5
0,0,0,3
1,1,6,4
3,0,33,2
0,0,2,2
2,0,35,1
0,0,1,5
5,0,21,1
1,1,0,5
2,2,8,5
0,0,1,2
9,1,81,2
8,8,119,5
2,2,1,5
0,0,4,2
4,4,50,5
0,0,1,4
2,2,7,5
4,4,53,5
33,9,306,4
1,1,2,5
1,1,3,5
2,2,3,5
5,5,100,5
2,0,19,1
0,0,10,5
1,0,3,4
5,3,16,4
1,1,1,5
9,9,102,5
1,0,18,1
3,1,43,2
2,0,45,2
0,0,2,5
0,0,1,5
4,4,11,5
6,6,17,5
10,10,51,5
2,2,29,5
14,5,248,4
3,0,13,2
1,1,12,5
2,2,13,5
3,1,14,3
0,0,2,5
8,2,35,4
0,0,3,4
4,0,51,4
1,1,13,3
1,1,26,5
1,1,7,5
2,0,65,1
5,5,64,5
0,0,2,2
0,0,1,3
5,2,6,3
1,1,17,5
5,0,70,2
32,8,496,2
4,0,42,2
2,2,3,5
2,2,4,5
2,0,4,3
4,0,20,1
7,0,39,2
12,1,9,1
3,0,40,2
3,1,41,2
0,0,6,5
1,1,23,5
0,0,15,2
6,3,38,3
0,0,18,5
1,0,3,1
0,0,9,5
1,0,39,4
2,2,64,5
7,1,57,4
1,1,1,5
0,0,3,5
3,0,41,1
25,1,333,2
0,0,10,5
9,5,49,4
3,2,2,2
5,0,29,2
4,0,15,1
2,2,2,5
2,2,29,5
0,0,3,1
1,1,41,5
2,1,0,1
0,0,2,5
0,0,1,3
0,0,22,4
2,0,32,1
1,0,22,1
2,2,60,5
3,3,49,5
1,1,3,5
1,1,12,5
0,0,2,2
2,2,39,5
3,1,9,2
0,0,2,4
0,0,16,3
0,0,1,4
0,0,0,5
3,1,36,2
2,2,3,5
0,0,4,3
8,7,4,4
2,0,33,2
1,1,5,5
3,0,22,1
1,0,38,4
0,0,0,2
5,5,125,5
0,0,1,2
1,1,6,5
0,0,6,5
5,0,21,3
0,0,6,1
3,1,25,3
0,0,0,5
2,1,3,3
5,1,18,2
0,0,0,5
1,0,13,3
3,1,1,2
1,1,16,5
2,2,63,5
2,0,71,1
0,0,18,1
2,0,29,4
0,0,2,5
0,0,1,4
1,0,16,1
5,1,40,2
2,2,62,5
1,1,12,5
5,0,34,2
0,0,3,5
1,1,3,5
0,0,7,5
7,7,174,5
1,1,48,5
0,0,0,1
2,2,9,5
3,3,31,5
3,0,27,2
1,0,3,4
0,0,1,1
1,1,6,5
2,2,25,5
2,2,31,5
1,0,12,4
0,0,0,2
3,3,39,5
2,2,16,5
3,1,7,1
4,1,7,2
0,0,19,5
3,3,31,2
2,2,3,5
3,3,1,5
6,6,215,5
2,0,38,2
1,1,1,5
5,0,27,2
2,2,23,5
2,1,1,4
6,6,49,5
3,3,5,5
1,1,28,2
0,0,8,4
9,8,0,4
7,2,9,2
16,0,145,4
1,1,2,5
2,2,13,5
1,1,13,5
0,0,1,1
3,2,55,3
2,2,48,5
0,0,3,2
1,0,3,1
9,9,69,5
2,2,91,5
0,0,0,3
3,3,26,5
3,0,35,4
0,0,6,5
10,10,41,5
4,4,16,5
0,0,1,1
3,0,31,1
10,10,139,5
0,0,12,5
0,0,1,1
1,0,8,4
1,1,6,5
8,8,12,5
0,0,5,4
4,0,48,4
1,1,1,5
1,1,27,5
0,0,22,3
0,0,1,2
2,1,5,3
1,1,1,5
4,4,49,5
2,2,19,5
8,1,24,1
2,0,0,1
1,0,4,1
7,0,55,1
1,1,45,5
4,4,10,5
3,3,110,5
1,1,4,5
1,0,18,1
1,1,0,3
4,1,43,4
0,0,3,2
0,0,2,5
2,2,24,5
2,1,0,2
4,2,20,4
8,0,76,2
1,0,41,4
0,0,0,5
3,0,6,2
0,0,44,4
5,0,71,1
1,1,2,5
0,0,1,5
2,2,35,5
3,1,1,1
2,2,0,5
0,0,5,5
1,0,2,1
13,1,127,4
1,0,11,1
0,0,0,5
4,4,18,5
16,16,424,5
0,0,1,1
1,0,0,1
5,0,50,4
2,2,25,5
0,0,0,4
0,0,0,5
1,1,39,5
7,0,109,1
2,0,4,4
1,0,3,1
3,0,7,1
1,1,6,5
0,0,3,5
2,0,21,3
3,3,47,5
4,0,86,3
2,1,12,3
2,0,4,1
4,1,73,3
1,1,10,5
2,0,21,2
0,0,19,3
0,0,1,2
3,3,60,5
2,0,22,4
1,1,2,5
7,6,1,4
4,0,48,2
2,2,5,5
4,4,84,5
0,0,1,5
2,0,5,1
1,1,17,5
0,0,17,4
2,0,9,1
6,6,84,5
3,3,1,2
4,4,119,5
2,0,3,4
1,1,19,5
4,0,72,2
0,0,1,3
4,4,34,5
1,1,6,5
1,1,20,5
1,0,3,1
0,0,3,2
3,0,24,3
1,0,5,1
0,0,46,5
0,0,6,5
2,2,56,5
0,0,6,5
0,0,1,4
3,1,0,2
0,0,6,5
5,5,1,5
0,0,5,5
2,2,35,5
3,3,2,5
13,3,145,3
5,5,50,5
14,0,94,3
0,0,1,4
0,0,0,5
2,0,50,1
3,0,10,2
5,5,167,5
5,3,58,4
4,0,43,2
3,3,57,5
4,4,69,5
4,0,40,3
1,1,0,3
1,1,3,5
0,0,32,1
2,2,20,5
2,2,29,5
0,0,9,5
1,1,6,5
3,3,33,5
3,3,11,5
1,0,14,4
0,0,4,2
4,4,59,5
2,0,7,1
1,0,1,2
1,0,3,3
0,0,1,1
0,0,4,5
0,0,3,1
3,0,38,1
3,0,50,1
14,4,139,2
2,0,16,2
2,0,41,1
0,0,5,1
0,0,0,5
1,1,27,5
13,9,2,3
2,0,10,3
0,0,15,5
3,0,49,1
2,2,2,5
2,2,5,2
0,0,19,3
2,2,61,5
9,1,95,2
0,0,1,3
2,2,48,5
5,1,30,1
1,1,41,5
8,3,41,3
0,0,27,5
4,4,4,5
2,0,9,3
2,2,1,4
2,0,68,3
0,0,2,5
4,4,85,5
1,1,4,5
7,7,114,5
2,2,75,5
5,0,65,4
1,0,13,1
3,3,80,5
4,4,64,5
8,1,68,1
1,1,4,5
2,0,9,2
1,0,13,1
2,0,35,2
3,3,2,5
10,10,105,5
0,0,14,4
6,2,51,4
1,0,12,2
10,1,105,4
7,3,43,3
0,0,14,5
0,0,3,5
49,10,602,3
2,0,12,1
1,1,52,5
0,0,5,5
0,0,5,5
0,0,22,1
5,1,90,3
7,3,45,4
3,3,2,4
0,0,4,5
6,6,33,5
1,1,6,5
1,1,28,5
1,0,6,4
2,2,16,5
3,3,0,5
1,0,1,2
2,1,69,4
1,1,12,5
2,2,2,5
8,8,46,5
2,2,8,5
0,0,1,5
13,1,146,4
0,0,27,3
3,3,43,5
1,0,41,3
1,1,2,5
12,1,81,1
11,6,98,4
0,0,12,1
4,4,11,5
3,3,35,5
0,0,0,3
0,0,0,1
0,0,11,1
4,0,70,3
0,0,4,5
0,0,6,5
1,1,4,5
3,3,1,5
0,0,0,5
2,2,1,4
0,0,0,5
1,0,4,4
1,0,3,3
4,4,82,5
2,2,75,5
1,1,2,5
1,1,2,5
0,0,0,4
1,1,10,5
5,5,44,5
0,0,1,3
0,0,6,5
1,1,13,5
1,0,4,3
0,0,3,1
0,0,5,4
2,2,13,5
1,1,11,5
0,0,2,3
1,0,11,2
5,5,145,5
2,0,29,2
2,0,15,1
0,0,1,4
3,0,20,2
1,1,4,5
0,0,4,2
0,0,5,5
0,0,42,4
0,0,1,3
0,0,1,5
0,0,22,5
3,0,61,1
0,0,2,5
1,0,3,4
3,1,68,2
2,2,2,5
2,0,9,4
0,0,32,5
0,0,3,5
6,4,12,3
0,0,17,5
1,1,13,5
6,2,84,2
3,3,12,5
1,1,0,5
1,0,46,2
0,0,2,4
1,1,8,5
0,0,3,5
1,0,15,4
0,0,16,4
2,2,38,5
1,0,1,4
1,1,9,5
9,4,111,4
3,1,31,3
0,0,4,5
2,0,11,3
3,3,18,5
0,0,0,2
2,2,2,3
0,0,3,4
2,2,9,5
1,1,17,5
4,4,21,5
0,0,0,5
1,0,10,4
5,1,45,3
0,0,6,1
3,2,8,4
1,1,11,5
0,0,1,5
2,0,24,1
1,0,0,1
7,7,95,5
5,5,27,5
1,0,6,3
1,1,9,5
5,0,73,2
2,2,2,5
0,0,0,5
1,0,7,1
0,0,15,4
1,1,31,5
2,0,26,4
8,4,27,4
2,1,28,1
0,0,1,5
0,0,2,4
0,0,1,1
6,0,44,1
9,0,95,4
1,0,2,1
0,0,2,5
3,3,31,5
0,0,3,5
2,1,7,3
0,0,2,5
0,0,17,5
1,0,3,4
3,3,13,5
5,5,72,5
7,7,165,5
6,6,12,5
0,0,3,2
6,2,71,3
1,0,7,2
1,1,28,5
3,2,1,4
0,0,2,5
2,2,25,5
2,0,3,3
9,2,128,3
6,0,27,1
2,0,19,3
0,0,21,5
0,0,1,1
1,1,1,2
1,0,30,4
0,0,0,1
1,1,82,5
1,0,17,1
3,3,3,5
0,0,2,5
5,1,15,1
0,0,69,5
1,1,2,3
2,1,2,4
0,0,22,5
3,3,89,5
0,0,9,5
4,4,31,5
0,0,45,5
0,0,1,1
1,1,40,5
0,0,1,5
1,1,21,5
2,0,78,4
0,0,1,5
5,5,127,5
3,2,24,4
4,4,13,5
0,0,7,1
3,1,3,2
2,0,46,4
0,0,7,5
1,1,1,5
11,11,317,5
4,1,42,1
0,0,20,5
4,4,19,5
1,1,40,4
1,1,22,5
3,1,25,4
2,1,19,4
3,3,7,5
0,0,6,3
7,7,133,5
2,1,31,4
3,0,15,1
1,1,26,5
2,1,12,1
1,0,3,1
5,1,28,4
1,1,8,5
1,0,2,4
2,2,28,5
2,2,3,5
1,0,0,3
12,6,77,4
4,0,43,1
1,0,2,4
1,1,34,5
2,1,11,4
23,4,455,3
0,0,21,5
5,1,34,1
2,1,17,4
1,0,6,1
2,1,4,4
7,2,74,1
0,0,5,5
1,0,15,4
3,0,26,4
3,3,1,5
1,1,23,5
4,4,44,5
3,0,32,3
3,0,4,2
2,1,0,1
1,1,6,5
3,3,47,5
16,2,73,1
4,4,7,5
0,0,1,2
21,3,278,1
0,0,3,2
2,1,23,4
3,0,8,4
4,4,138,5
14,4,187,3
0,0,3,3
1,1,3,4
5,1,40,1
4,4,43,5
0,0,1,5
0,0,2,5
1,1,4,5
1,0,61,1
7,0,58,2
2,2,13,5
7,1,143,4
0,0,9,5
12,0,127,1
5,0,42,1
0,0,1,5
16,2,197,2
0,0,18,5
8,8,46,5
0,0,1,5
3,3,10,5
0,0,12,3
0,0,1,5
1,1,31,5
3,3,18,5
8,8,21,5
2,1,9,3
2,2,5,5
3,0,18,4
2,0,7,4
3,3,41,5
5,1,7,2
1,1,2,5
5,5,33,5
5,5,1,5
1,0,2,3
1,0,4,3
5,1,17,2
1,1,17,5
4,1,24,3
3,0,9,2
6,6,79,5
1,1,6,5
1,0,3,1
0,0,6,4
0,0,2,5
4,4,43,5
4,0,26,4
7,2,112,4
0,0,3,5
6,3,27,4
0,0,2,1
5,0,8,1
1,1,6,5
5,1,27,1
9,1,143,4
4,0,12,1
2,2,3,5
2,2,23,5
7,2,78,4
7,7,168,5
2,2,3,5
1,0,9,4
4,4,21,5
11,4,56,2
0,0,1,5
2,0,12,1
1,1,15,5
3,0,2,1
0,0,27,3
4,0,32,3
2,2,12,5
0,0,1,3
6,0,51,1
0,0,0,5
1,0,2,3
12,4,46,3
1,1,32,5
0,0,0,4
4,0,27,2
1,1,6,5
5,0,6,1
0,0,5,1
0,0,3,4
7,7,23,5
8,0,134,3
0,0,5,5
0,0,0,5
1,1,5,5
1,0,31,2
4,4,19,5
0,0,2,2
0,0,3,3
0,0,8,5
0,0,11,3
1,1,50,5
0,0,2,5
2,2,32,5
0,0,9,5
1,0,2,3
0,0,21,5
4,1,15,2
4,4,12,5
1,1,3,5
67,6,856,2
3,0,25,2
3,0,34,2
0,0,1,5
1,0,48,1
4,0,18,2
6,6,97,5
4,4,82,5
0,0,5,5
6,0,11,1
1,1,13,5
0,0,4,5
0,0,3,3
2,0,9,1
3,2,64,4
2,2,10,5
0,0,3,5
1,1,17,5
2,0,5,2
4,4,33,5
1,0,2,2
3,0,37,1
7,7,80,5
1,0,7,4
0,0,0,5
0,0,22,5
1,1,9,5
1,0,3,1
0,0,27,5
0,0,0,2
0,0,4,5
3,3,1,4
1,1,16,5
1,1,1,5
4,4,61,5
3,3,37,5
10,0,41,1
2,1,27,4
0,0,1,3
0,0,1,5
2,0,3,2
1,1,0,5
2,0,49,4
1,0,10,4
6,6,35,5
14,14,158,5
6,3,1,3
4,4,109,5
1,0,16,4
2,1,4,4
0,0,0,5
2,2,0,4
1,1,2,5
4,4,29,5
0,0,0,3
2,0,6,3
0,0,3,5
0,0,14,5
2,2,31,5
9,0,149,1
1,1,36,5
2,2,11,5
1,1,13,4
1,0,40,4
0,0,2,5
2,1,4,2
0,0,27,5
6,1,107,3
12,0,62,2
2,2,12,5
0,0,1,4
1,1,2,5
2,2,9,5
0,0,1,5
4,4,138,5
1,0,12,1
1,0,18,1
15,2,178,2
1,0,2,1
7,2,47,4
1,1,28,5
2,1,4,3
8,6,23,4
8,1,21,1
0,0,11,2
13,13,6,5
4,4,17,5
1,1,3,5
2,2,95,5
4,0,43,2
1,1,4,5
0,0,1,3
0,0,2,5
0,0,4,5
1,1,8,1
0,0,3,4
2,2,19,5
1,0,16,1
0,0,16,4
9,9,116,5
8,0,77,4
9,4,140,4
8,3,82,3
29,1,451,3
0,0,0,5
2,2,22,5
1,1,3,2
1,1,10,5
3,3,9,4
0,0,0,1
2,2,6,5
0,0,2,3
0,0,2,5
1,0,0,1
1,1,1,4
5,1,14,1
2,2,3,5
2,2,27,5
0,0,18,5
0,0,2,5
2,2,31,5
2,0,18,1
3,0,9,1
5,5,6,5
2,0,15,3
7,2,48,3
1,1,17,4
0,0,1,5
3,0,55,2
2,2,65,5
0,0,2,3
7,2,45,4
2,2,6,5
2,0,5,4
1,1,1,5
8,8,73,5
1,1,19,2
0,0,1,4
4,1,69,4
8,4,55,4
2,1,47,2
0,0,3,2
0,0,0,5
1,0,33,4
5,0,59,2
4,2,25,4
1,0,13,2
3,0,26,1
0,0,0,2
5,1,21,4
0,0,7,3
0,0,2,5
5,0,15,1
4,4,14,5
0,0,15,5
0,0,1,4
2,0,7,3
0,0,2,5
6,5,5,4
3,0,18,2
2,2,19,5
2,2,19,5
0,0,5,5
0,0,4,1
2,2,17,3
0,0,1,5
1,1,1,5
4,1,3,3
1,1,0,5
6,2,39,4
0,0,11,5
3,0,54,4
0,0,5,4
2,2,1,5
2,2,77,5
1,1,7,5
2,0,33,2
8,1,73,2
6,2,24,2
0,0,5,5
0,0,4,2
2,0,20,1
0,0,2,4
8,8,25,5
6,1,31,2
0,0,8,5
1,1,7,5
7,3,2,1
0,0,1,3
1,0,14,3
4,0,5,1
2,2,16,5
0,0,1,5
4,2,29,2
1,1,51,5
6,1,75,3
0,0,5,1
1,0,2,3
0,0,12,5
1,0,17,2
2,0,21,4
15,1,40,1
0,0,0,5
1,0,2,3
2,0,7,4
0,0,23,5
3,0,30,1
2,2,31,5
18,2,286,1
0,0,4,5
5,5,45,5
1,1,2,5
1,1,69,2
0,0,2,4
0,0,2,3
1,0,4,1
5,2,8,4
4,4,6,5
2,0,14,4
1,1,28,5
0,0,22,5
8,2,59,2
1,1,0,5
0,0,14,5
1,1,37,5
0,0,2,1
3,1,23,4
1,0,3,2
1,1,51,5
0,0,49,5
0,0,2,5
1,0,16,3
2,0,2,2
1,1,24,5
1,1,36,5
1,1,9,5
0,0,5,1
2,2,22,5
1,0,13,4
2,0,5,2
2,0,77,4
0,0,2,5
3,0,14,1
0,0,28,5
0,0,1,3
4,4,40,5
10,7,47,4
3,0,8,1
1,1,21,5
5,0,81,3
2,2,10,5
1,1,8,5
3,3,79,5
4,2,26,4
7,1,36,1
1,1,4,5
0,0,5,4
0,0,11,5
0,0,38,5
2,0,2,1
0,0,2,5
7,3,15,4
14,10,0,4
2,2,53,5
4,4,3,5
3,3,41,5
0,0,1,5
3,1,22,4
0,0,17,5
1,1,22,5
0,0,18,5
2,1,12,4
0,0,1,1
1,0,2,1
4,0,61,2
0,0,4,5
6,1,60,1
4,2,55,4
3,1,34,1
6,1,8,1
0,0,1,1
0,0,89,5
4,2,1,2
1,1,20,5
8,0,71,2
8,8,63,5
5,5,22,5
4,0,42,1
1,0,6,1
0,0,1,1
2,2,15,5
5,5,73,5
1,0,7,4
3,1,35,3
3,3,46,5
4,1,41,1
0,0,1,4
2,1,32,1
4,4,90,5
2,0,24,2
5,0,81,4
19,8,184,4
4,0,43,4
0,0,2,5
12,4,167,4
1,0,0,3
0,0,8,5
0,0,1,5
4,4,2,5
4,0,53,2
1,1,4,4
0,0,7,4
3,3,13,5
1,0,16,1
0,0,12,5
2,0,14,1
0,0,33,5
0,0,39,5
1,0,1,1
2,1,0,1
6,1,16,4
3,2,6,4
0,0,39,5
2,0,30,3
0,0,0,5
4,4,42,5
8,6,51,4
0,0,1,2
2,0,53,4
3,3,11,5
0,0,1,2
0,0,0,1
2,2,46,5
2,0,25,4
17,17,215,5
4,4,69,5
6,6,103,5
0,0,1,5
4,3,31,4
2,2,26,5
2,2,5,5
0,0,18,1
2,0,3,2
3,3,3,5
1,0,8,4
6,6,8,5
1,1,17,5
5,1,40,4
1,0,2,2
1,0,13,4
12,3,54,2
0,0,5,2
1,0,8,2
0,0,20,3
4,2,0,2
2,2,58,5
7,0,86,3
3,3,15,5
7,3,114,4
1,1,4,4
0,0,9,5
1,1,22,5
0,0,2,5
2,2,22,5
4,2,14,2
1,1,28,5
2,2,65,5
5,1,69,3
0,0,5,5
1,0,2,2
22,1,178,1
2,2,15,5
1,0,11,1
1,1,53,5
5,5,0,5
1,0,54,4
1,1,2,5
2,0,2,3
4,0,7,1
2,2,61,5
2,0,26,4
1,1,30,5
0,0,3,5
0,0,0,4
0,0,1,5
0,0,1,5
3,0,32,2
3,0,2,1
1,0,16,1
0,0,1,2
2,2,40,5
1,0,54,1
0,0,0,2
5,2,109,4
7,7,190,5
9,1,134,2
0,0,25,5
1,0,3,2
12,1,243,1
3,1,1,1
4,0,27,3
3,3,40,5
3,0,7,4
2,0,24,1
5,3,2,2
6,6,153,5
2,1,4,4
0,0,0,4
0,0,3,5
4,1,7,2
0,0,0,3
0,0,8,5
0,0,4,5
1,0,4,4
0,0,14,5
0,0,3,5
10,10,83,5
1,1,26,5
1,1,0,5
5,1,36,4
7,0,40,1
1,1,7,5
1,1,95,5
0,0,34,2
1,0,13,4
3,1,4,2
0,0,3,3
1,0,7,2
4,2,10,3
1,0,7,1
2,0,9,3
0,0,2,4
0,0,19,1
0,0,23,5
2,0,17,4
4,0,4,1
2,2,17,5
19,0,275,1
1,1,12,4
9,3,54,3
0,0,1,5
5,0,63,4
0,0,1,5
1,0,7,1
1,1,1,5
5,0,31,2
2,2,37,5
1,1,3,5
0,0,37,5
0,0,0,5
5,0,52,3
0,0,0,5
1,0,5,1
8,8,64,5
4,2,46,3
1,1,1,4
0,0,16,5
0,0,4,5
16,1,229,3
5,5,51,5
9,9,50,5
3,0,39,3
0,0,1,4
1,1,2,4
0,0,3,5
4,0,60,4
0,0,1,5
4,1,35,3
0,0,5,5
1,1,0,5
10,5,26,3
3,0,7,2
2,2,0,4
3,3,116,5
0,0,0,5
0,0,25,5
1,1,1,4
0,0,12,5
2,0,3,1
1,1,0,5
1,0,20,2
1,1,28,5
0,0,2,5
5,0,25,1
5,2,69,1
0,0,4,1
0,0,30,5
2,2,40,5
0,0,2,2
0,0,2,4
6,0,32,1
1,0,21,1
3,3,0,3
2,1,19,4
0,0,3,5
0,0,3,5
0,0,0,4
13,3,46,2
3,0,41,3
5,1,30,4
1,0,1,4
1,1,17,5
2,0,4,1
0,0,3,4
0,0,15,5
0,0,13,5
7,4,87,4
2,0,31,3
2,2,4,5
2,2,14,5
1,1,8,5
0,0,5,5
0,0,2,5
2,1,23,1
8,3,68,3
4,0,30,1
1,1,52,4
1,1,30,5
5,1,74,2
2,1,40,3
1,1,2,5
7,2,0,2
3,2,11,4
2,2,71,5
7,1,43,1
17,2,183,4
0,0,8,5
2,0,38,2
2,1,9,1
0,0,1,2
4,0,37,2
4,1,28,1
6,2,37,2
10,4,42,4
0,0,2,5
0,0,2,5
0,0,17,1
2,1,14,4
11,1,10,2
4,0,44,2
0,0,1,5
1,1,0,3
3,0,32,1
0,0,5,5
3,3,0,5
3,3,0,5
0,0,10,5
1,1,4,5
5,0,16,1
6,1,33,1
1,1,25,5
1,0,2,3
12,2,174,2
2,2,9,5
7,1,122,4
1,1,17,5
0,0,4,3
5,0,75,1
7,0,85,3
0,0,22,1
0,0,1,5
3,3,71,5
3,3,72,5
1,1,2,5
4,1,27,1
4,0,22,1
0,0,17,5
1,0,1,1
2,2,0,3
2,2,51,5
10,4,60,3
6,1,43,2
1,0,103,2
1,1,12,5
10,7,46,3
4,1,2,2
0,0,5,5
1,0,1,2
0,0,2,5
5,5,58,5
0,0,3,5
4,3,2,2
8,1,59,4
3,3,2,5
1,1,19,5
0,0,13,5
0,0,3,5
7,7,66,5
0,0,39,5
0,0,2,5
10,3,3,2
0,0,54,5
0,0,1,5
1,1,35,5
1,1,27,5
9,1,65,1
0,0,14,5
5,0,66,4
2,0,3,2
3,0,22,2
2,2,11,5
0,0,1,5
4,4,59,5
0,0,36,5
0,0,1,5
1,0,15,3
0,0,2,5
1,0,19,3
1,0,3,3
27,3,339,3
0,0,7,3
6,1,47,4
0,0,30,5
12,0,163,3
0,0,33,2
12,3,159,4
4,0,45,4
7,2,73,4
9,9,29,5
2,0,6,4
0,0,0,3
1,0,1,1
1,0,3,3
0,0,1,2
0,0,8,5
3,3,4,5
5,5,40,5
0,0,3,5
0,0,0,3
0,0,0,5
3,3,55,5
1,0,2,2
3,1,36,1
2,0,27,3
21,5,309,4
0,0,28,5
1,1,24,5
5,4,37,4
0,0,26,5
1,1,22,5
0,0,0,1
0,0,0,1
0,0,1,3
1,0,31,1
6,1,178,3
5,2,17,3
0,0,46,5
6,4,19,4
2,0,14,2
0,0,2,5
6,4,22,3
1,0,28,1
3,0,39,4
1,0,23,1
2,2,60,5
1,1,107,5
3,3,3,5
1,0,0,1
2,0,3,3
1,1,1,5
8,1,113,2
1,1,3,5
0,0,1,4
5,0,54,3
2,2,23,5
0,0,11,5
3,0,10,2
2,2,14,5
2,1,12,4
1,1,4,3
6,3,22,4
2,2,2,5
4,0,68,2
4,0,65,1
5,4,3,4
2,0,53,2
2,2,3,5
0,0,1,5
1,0,9,3
3,0,82,1
4,0,60,2
0,0,3,5
18,7,259,4
2,1,1,3
0,0,0,5
7,0,41,2
1,0,3,2
6,3,8,4
1,1,1,5
0,0,0,2
0,0,3,3
2,2,47,5
1,0,14,4
6,2,92,3
2,1,2,2
1,0,23,4
0,0,0,5
3,0,20,4
7,4,48,2
2,2,18,5
0,0,3,2
0,0,2,5
2,2,41,5
2,0,7,2
17,2,2,1
1,0,2,1
2,0,10,3
1,1,4,4
1,1,3,5
5,5,32,5
6,6,0,4
7,1,58,4
10,3,3,1
0,0,0,5
0,0,0,2
1,1,7,3
0,0,6,5
3,0,14,2
1,0,2,2
1,0,11,3
7,2,69,4
2,2,13,5
0,0,3,5
2,2,18,5
1,1,8,5
2,2,24,5
0,0,1,5
2,2,26,5
0,0,4,1
13,2,144,3
12,0,143,1
3,3,57,5
0,0,4,4
1,1,30,5
1,1,12,4
0,0,8,5
0,0,18,5
4,0,22,2
4,4,32,5
2,2,41,5
0,0,2,5
2,0,11,1
0,0,6,5
2,2,21,5
0,0,4,5
1,1,12,5
2,2,33,5
1,1,16,5
1,1,28,5
3,3,35,5
4,1,5,2
0,0,22,5
0,0,26,5
0,0,32,5
3,1,11,2
1,1,7,4
1,0,36,1
2,2,1,5
0,0,3,4
1,0,31,2
4,3,42,4
0,0,27,5
6,6,47,5
0,0,0,2
8,3,53,4
0,0,3,3
1,1,27,5
9,2,84,3
8,0,86,3
0,0,18,5
1,1,40,5
2,2,0,4
1,1,4,5
1,0,2,3
2,2,33,5
3,3,90,5
7,5,2,4
6,0,52,2
5,0,59,3
0,0,0,1
4,4,2,4
0,0,3,5
4,4,30,5
2,0,3,4
1,1,0,5
1,1,13,2
1,1,49,5
1,0,5,4
0,0,6,5
0,0,2,3
1,0,25,3
9,0,17,2
1,0,16,4
0,0,0,1
2,1,31,4
4,1,53,4
2,1,26,4
0,0,4,5
1,1,1,5
4,1,48,1
5,5,46,5
0,0,3,5
1,0,1,1
0,0,1,5
4,0,2,1
2,0,7,4
3,1,9,4
1,1,10,5
2,2,1,5
9,9,23,5
1,1,28,5
2,0,4,4
5,2,18,2
4,4,22,5
0,0,35,5
2,0,46,2
0,0,2,5
2,2,12,5
0,0,2,3
0,0,2,4
1,1,0,5
0,0,3,5
1,1,52,5
4,0,20,1
0,0,11,1
14,1,86,1
4,0,56,3
0,0,1,5
1,1,2,5
4,4,91,5
2,2,54,5
0,0,0,1
0,0,1,5
1,0,16,3
0,0,12,5
1,0,22,1
4,2,18,2
1,1,17,5
2,2,73,5
1,0,13,3
2,2,30,5
14,5,192,4
15,15,270,5
0,0,4,1
1,1,3,4
0,0,17,5
1,1,3,2
5,0,34,4
0,0,0,2
15,15,37,5
13,6,145,3
4,0,46,1
0,0,3,3
2,1,17,2
2,0,13,4
0,0,4,3
0,0,2,4
3,1,57,4
0,0,30,5
1,1,48,5
1,1,10,5
8,8,39,5
1,1,1,4
0,0,4,1
0,0,3,5
1,0,1,3
1,1,7,5
5,0,29,3
0,0,31,5
3,0,10,1
1,1,36,5
1,1,21,5
0,0,0,5
2,0,3,4
4,0,14,3
0,0,9,4
4,2,16,2
5,5,31,5
0,0,1,5
2,2,31,5
0,0,3,2
2,2,11,5
0,0,1,2
3,1,54,4
2,0,4,4
2,2,0,2
2,2,24,5
2,2,19,5
2,2,32,5
1,1,49,5
3,1,68,3
0,0,14,5
1,0,28,1
1,1,14,5
9,0,151,1
4,0,38,2
2,0,6,4
3,3,13,5
0,0,6,2
2,0,25,2
5,5,39,5
3,0,44,2
0,0,0,5
3,0,44,4
0,0,10,5
2,2,27,5
1,0,85,4
4,1,56,1
0,0,0,1
0,0,4,5
1,1,2,5
4,3,5,4
3,3,25,5
0,0,30,5
13,5,30,3
1,1,8,4
0,0,3,5
1,0,1,4
0,0,0,1
7,2,53,2
3,1,1,2
5,0,67,1
4,1,48,4
1,0,9,3
2,1,27,2
0,0,0,5
2,2,4,5
0,0,0,5
2,2,4,5
5,2,51,1
0,0,9,5
5,3,0,2
0,0,6,5
5,1,60,3
1,0,4,1
1,0,13,1
7,7,166,5
1,0,12,3
2,2,41,5
0,0,9,5
1,0,2,2
12,12,8,5
1,1,39,5
2,0,21,4
3,3,1,5
6,1,43,1
0,0,4,3
1,1,24,5
4,4,6,5
1,0,33,1
3,3,19,5
3,3,3,5
4,4,0,5
0,0,30,5
0,0,14,5
0,0,21,5
1,1,0,5
6,0,127,4
0,0,3,4
4,4,51,5
1,1,23,5
0,0,41,5
0,0,7,5
0,0,2,3
0,0,2,3
3,3,10,5
13,13,118,5
0,0,1,5
1,0,4,3
5,5,66,5
0,0,7,3
3,0,26,2
2,1,41,4
9,4,157,4
1,0,2,3
1,0,21,1
2,2,186,5
4,4,27,5
0,0,17,5
3,3,63,5
2,2,34,5
1,0,29,3
1,1,11,5
2,2,16,5
2,2,3,5
1,1,2,4
3,0,10,3
1,1,9,4
2,0,2,1
0,0,5,5
1,1,12,5
5,5,1,5
0,0,0,4
7,7,21,5
3,3,36,5
6,6,155,5
0,0,22,4
7,7,115,5
2,0,30,2
2,2,44,5
2,2,19,5
0,0,3,5
1,0,39,3
1,1,0,4
1,1,8,5
6,0,57,2
0,0,28,5
4,1,16,1
3,3,41,5
1,1,3,3
9,0,74,1
9,3,48,2
1,0,12,3
0,0,4,1
3,3,8,5
1,1,17,5
2,2,2,5
1,1,18,5
2,2,17,5
2,2,76,5
4,1,57,4
2,2,12,5
6,4,65,4
17,17,262,5
1,0,10,2
3,0,13,1
1,0,8,2
0,0,0,5
0,0,2,2
1,1,62,5
0,0,2,1
1,0,1,1
12,2,159,3
0,0,1,1
0,0,4,5
0,0,5,4
0,0,0,5
2,2,91,5
5,3,4,4
5,5,0,4
2,2,11,5
3,0,33,1
4,3,23,2
2,2,5,5
1,0,5,4
1,0,2,2
1,1,4,5
2,0,33,4
2,0,8,2
2,0,4,4
2,2,53,5
4,1,41,1
3,0,21,2
12,2,23,1
3,0,16,1
1,0,11,2
1,1,11,5
8,2,30,2
3,3,21,5
4,4,58,5
1,1,52,5
36,4,536,3
3,0,65,3
0,0,6,5
0,0,2,5
0,0,14,5
0,0,1,5
9,1,25,3
1,0,2,1
0,0,10,5
1,0,1,2
6,6,193,5
0,0,1,1
2,2,2,5
1,0,11,3
1,0,58,4
0,0,0,5
1,0,4,3
1,1,47,5
1,0,2,3
1,1,0,5
0,0,0,5
5,0,38,1
2,1,16,4
2,2,71,5
0,0,0,5
2,0,42,1
0,0,4,5
0,0,2,5
5,5,62,5
2,2,29,5
0,0,21,2
2,2,31,5
0,0,18,5
1,1,18,5
2,2,1,5
1,1,6,5
6,3,75,4
0,0,36,4
1,1,2,2
3,2,1,1
0,0,0,5
1,1,3,5
16,3,48,2
1,1,78,5
9,0,59,2
0,0,0,5
7,1,41,2
5,2,24,3
1,1,90,5
3,3,26,5
0,0,2,5
0,0,1,4
7,3,1,2
1,0,42,4
0,0,14,5
2,2,17,5
1,0,9,4
1,0,1,3
2,1,20,3
0,0,1,2
19,19,34,5
3,0,5,1
0,0,0,5
0,0,2,2
4,0,32,4
1,1,27,5
1,1,14,5
13,0,136,1
3,3,4,5
1,0,11,2
1,1,67,5
8,4,47,4
16,16,234,5
0,0,4,5
3,0,14,1
5,5,48,5
2,1,3,2
2,0,17,3
0,0,6,2
1,1,3,5
4,2,29,4
3,1,2,4
0,0,2,3
7,7,190,5
13,1,114,3
14,5,208,2
0,0,2,1
0,0,0,5
0,0,39,5
0,0,0,2
14,14,358,5
0,0,0,5
2,2,24,5
0,0,12,5
0,0,0,1
0,0,1,2
1,1,5,5
19,1,220,2
0,0,45,5
4,0,55,2
3,0,32,2
2,0,6,3
0,0,8,5
3,3,32,5
4,0,47,3
1,1,0,5
1,1,40,5
4,1,44,3
2,2,39,5
0,0,1,5
1,1,15,5
0,0,55,5
0,0,0,2
2,0,12,4
0,0,1,5
1,0,21,4
3,2,1,2
0,0,7,5
2,0,6,3
1,1,36,5
4,0,8,1
8,8,1,5
0,0,5,5
1,1,4,5
5,1,45,4
4,1,22,1
3,1,67,4
2,2,47,5
1,0,11,3
2,0,2,4
1,1,24,5
1,1,18,2
1,1,37,5
4,0,23,4
0,0,1,5
8,2,31,4
2,0,0,2
0,0,2,5
0,0,1,5
4,1,14,4
7,4,34,4
2,2,17,5
13,2,113,2
0,0,1,2
1,0,6,4
0,0,6,2
2,2,2,5
2,1,6,4
0,0,6,5
0,0,0,5
0,0,1,2
4,4,37,5
5,3,61,4
0,0,19,5
7,1,83,3
5,2,33,3
8,0,84,2
1,1,6,5
4,4,24,5
0,0,5,2
6,5,4,4
5,1,56,3
10,10,102,5
1,1,9,5
3,0,46,4
0,0,6,5
3,3,73,5
2,2,0,5
10,3,94,3
2,0,30,3
1,1,19,5
0,0,4,3
5,5,162,5
4,1,56,1
1,0,3,4
4,2,2,1
1,1,1,5
2,0,34,4
0,0,11,5
4,0,80,1
2,1,6,2
1,1,13,1
2,2,24,5
0,0,4,5
1,1,19,5
3,0,4,2
0,0,9,5
1,1,8,5
4,2,4,3
1,1,13,5
6,1,43,2
0,0,1,1
4,4,79,5
8,4,23,2
0,0,14,5
3,0,10,4
1,1,4,5
4,2,32,4
6,1,60,2
3,3,2,5
0,0,3,5
1,0,33,2
1,1,3,5
1,1,31,5
1,0,1,4
2,2,64,5
1,0,11,3
4,2,1,2
0,0,0,5
7,7,114,5
3,3,99,5
0,0,7,5
1,1,5,5
2,2,42,5
3,3,40,5
2,2,6,4
1,0,2,1
2,0,24,1
2,2,56,5
3,3,71,5
3,1,6,3
1,0,5,1
1,1,42,5
0,0,6,3
2,0,18,1
0,0,31,5
10,5,40,3
1,0,11,3
4,0,9,2
1,1,4,5
6,1,49,4
0,0,0,5
4,4,139,5
1,1,8,4
0,0,2,5
2,0,3,1
1,0,3,1
3,3,0,5
3,1,6,4
3,3,40,5
0,0,3,5
0,0,3,5
0,0,1,4
2,2,23,5
3,1,29,1
1,1,24,5
1,1,10,5
3,1,5,1
0,0,0,4
0,0,1,3
2,1,6,2
2,1,0,2
2,2,2,5
3,0,32,2
4,0,13,2
1,1,5,5
0,0,5,5
6,6,175,5
3,1,3,1
8,2,172,4
17,4,2,1
0,0,0,3
1,1,15,5
4,0,50,4
6,2,98,3
6,6,4,5
2,2,15,5
4,0,10,3
6,5,32,4
2,2,1,5
0,0,10,5
2,1,2,3
1,1,37,5
1,1,1,5
0,0,4,5
2,2,16,5
0,0,8,5
0,0,3,5
0,0,3,4
12,2,64,4
3,1,19,4
8,2,52,4
1,0,22,4
5,0,46,1
1,1,16,5
1,0,8,4
0,0,12,5
0,0,7,1
0,0,0,1
0,0,2,5
3,1,5,2
2,2,53,5
0,0,16,5
5,5,33,5
2,2,37,5
0,0,30,5
5,2,28,4
0,0,2,5
1,1,34,5
2,2,8,5
5,1,15,3
2,0,2,4
5,0,31,4
1,0,21,3
2,0,8,3
1,1,36,5
6,0,104,4
5,5,15,5
1,1,2,5
0,0,2,5
1,0,5,2
1,0,24,1
3,1,17,2
1,0,2,2
7,7,5,5
10,10,0,5
1,1,19,5
0,0,2,5
3,3,4,5
2,2,16,5
2,2,42,5
4,1,1,1
0,0,0,1
0,0,6,4
3,3,51,5
0,0,2,5
8,3,72,4
2,0,3,2
3,0,63,1
3,0,30,2
5,4,2,4
3,0,26,3
2,2,84,5
6,1,43,3
2,2,4,5
5,3,43,3
3,3,99,5
1,1,12,4
0,0,0,5
1,1,12,5
1,0,15,2
0,0,26,5
2,2,10,5
1,0,27,1
2,0,4,1
0,0,16,5
3,3,27,5
0,0,0,5
4,4,56,5
0,0,1,4
5,5,73,5
0,0,1,5
2,1,24,4
1,1,2,5
1,0,1,1
1,0,13,1
5,1,1,1
0,0,7,5
1,0,31,1
0,0,10,4
0,0,2,5
2,2,29,5
1,1,22,5
1,0,12,4
0,0,3,5
0,0,11,5
2,2,8,5
3,3,87,5
0,0,1,3
5,2,53,4
3,3,0,5
1,0,11,2
0,0,1,5
2,2,53,5
2,2,24,5
0,0,7,2
1,1,10,5
3,0,34,3
1,0,31,2
6,2,79,2
1,1,4,3
3,0,20,2
5,4,9,3
0,0,10,5
1,1,4,5
11,0,71,1
5,5,83,5
1,1,13,5
0,0,7,5
0,0,14,5
7,1,43,4
0,0,17,5
0,0,0,5
2,0,2,1
1,1,1,3
1,0,2,3
5,1,27,2
1,0,45,3
3,0,1,1
0,0,0,4
2,2,17,3
0,0,0,5
5,5,71,5
2,1,1,4
3,0,24,2
0,0,3,4
5,0,18,1
3,3,54,5
0,0,4,1
19,6,333,4
2,0,23,4
1,0,1,4
1,1,6,5
6,6,21,5
3,3,29,5
0,0,1,4
0,0,2,2
18,0,133,1
10,2,44,4
3,3,78,5
0,0,2,2
1,1,3,4
16,16,248,5
0,0,29,5
2,1,1,2
0,0,5,1
21,3,266,2
4,1,39,3
2,2,0,5
1,1,2,5
12,2,78,2
2,2,4,5
16,1,164,1
1,1,2,5
8,8,43,5
1,0,12,4
0,0,5,2
1,1,54,5
6,6,4,5
9,4,115,4
0,0,1,1
1,1,12,5
3,0,26,2
2,0,3,3
20,2,144,4
2,2,21,5
6,0,46,2
7,0,71,4
0,0,7,1
6,2,16,2
3,0,34,4
0,0,0,4
1,1,9,5
13,5,6,2
5,5,23,5
9,9,30,5
2,1,5,4
2,2,3,5
3,3,44,5
1,1,15,4
2,0,29,3
2,2,16,5
1,0,8,1
0,0,5,5
3,3,1,5
4,4,56,5
3,2,20,4
2,2,20,5
11,1,43,2
7,0,23,1
3,3,64,5
4,1,10,1
2,0,35,1
0,0,1,4
2,2,22,5
0,0,3,3
0,0,7,5
3,1,12,4
0,0,2,5
0,0,15,1
3,3,6,5
0,0,19,5
1,0,10,4
2,2,27,5
0,0,1,4
10,9,2,4
5,5,15,5
0,0,3,5
0,0,18,5
3,3,5,5
2,2,7,5
2,0,35,2
2,2,26,5
3,3,2,5
0,0,14,5
4,2,80,4
0,0,12,4
1,1,44,5
0,0,1,5
0,0,0,5
3,2,9,3
2,2,39,5
1,0,7,4
0,0,2,5
1,0,12,4
0,0,2,5
11,11,460,5
20,20,622,5
3,1,2,1
0,0,0,4
2,2,22,4
2,0,4,1
5,5,15,5
4,2,2,1
1,1,0,3
4,4,31,5
3,1,0,3
3,3,8,5
13,3,129,4
1,1,3,2
6,6,12,5
1,0,6,2
9,1,10,2
5,1,3,3
5,5,169,5
1,1,28,5
3,0,4,2
1,0,14,4
1,1,25,2
0,0,5,4
0,0,1,2
0,0,13,5
2,1,0,2
0,0,0,4
1,0,10,4
3,3,5,5
1,0,4,1
0,0,17,1
0,0,1,2
0,0,2,3
1,0,5,3
3,0,34,1
1,0,6,4
2,0,17,3
5,0,11,2
2,0,10,2
0,0,0,2
3,3,7,5
4,1,7,2
0,0,5,5
23,2,269,1
0,0,1,5
0,0,1,5
3,3,13,5
4,3,0,1
0,0,0,1
0,0,14,5
0,0,22,5
4,0,61,1
0,0,6,5
1,1,11,5
1,1,0,4
3,3,12,5
0,0,2,4
1,0,1,1
0,0,1,2
1,1,8,5
1,1,14,5
3,2,11,4
0,0,4,4
1,1,2,5
4,2,30,3
0,0,17,1
2,0,3,1
0,0,3,5
0,0,9,1
0,0,2,5
3,3,63,5
0,0,2,5
0,0,23,5
3,0,23,4
9,2,91,4
3,0,9,2
2,2,20,5
5,0,49,1
3,1,26,4
4,1,4,2
6,6,75,5
0,0,21,2
0,0,1,5
1,1,3,5
0,0,1,5
0,0,3,5
0,0,0,5
2,0,8,2
1,0,2,3
3,0,22,3
3,3,9,5
0,0,10,5
2,2,34,5
0,0,5,5
5,5,193,5
1,0,5,4
2,2,75,3
0,0,9,4
2,2,48,5
1,1,3,3
1,1,8,5
0,0,2,5
3,1,20,2
1,1,0,5
4,3,1,4
1,0,18,4
2,2,18,5
0,0,1,5
0,0,3,3
5,3,2,4
1,0,9,2
4,3,9,3
4,4,55,5
2,1,3,2
0,0,24,5
1,0,1,1
0,0,8,1
9,0,141,3
0,0,1,3
5,0,58,1
4,2,47,3
3,2,2,2
1,1,11,5
2,2,21,5
8,1,53,4
1,0,19,2
1,1,5,5
0,0,0,4
1,0,16,2
1,1,16,5
11,7,1,3
1,0,4,1
0,0,7,4
1,1,2,5
0,0,1,5
1,1,21,5
1,0,15,4
5,5,61,5
4,4,38,5
4,0,16,1
0,0,0,1
12,0,90,1
0,0,2,2
0,0,13,2
0,0,1,5
8,0,94,2
2,2,1,5
0,0,19,5
1,1,3,5
0,0,3,2
0,0,0,4
0,0,1,2
3,3,15,5
0,0,1,5
0,0,2,3
1,1,11,5
1,1,12,5
1,0,7,1
1,1,0,5
0,0,10,5
5,5,148,5
0,0,1,5
1,0,8,2
0,0,1,5
0,0,4,5
0,0,1,4
2,0,36,2
0,0,1,5
4,1,62,3
0,0,2,2
4,4,50,5
0,0,0,5
4,1,12,3
9,0,84,1
1,1,11,5
1,0,10,1
0,0,3,5
3,3,200,5
2,2,19,5
3,0,13,4
3,0,3,2
10,10,138,5
1,0,1,4
0,0,21,5
3,0,40,3
0,0,0,5
7,7,68,5
0,0,4,5
2,2,34,5
2,2,16,5
0,0,1,2
1,1,6,5
2,2,16,5
4,2,11,3
1,0,13,4
3,1,4,2
4,2,14,4
21,5,183,4
1,0,0,3
1,0,2,2
1,0,58,4
2,1,0,4
2,1,17,4
0,0,39,3
5,1,13,2
1,1,7,5
1,0,4,3
0,0,0,3
4,4,0,4
4,4,13,5
2,0,3,3
0,0,6,3
4,3,2,4
11,0,48,1
0,0,0,4
1,0,2,4
0,0,0,5
0,0,22,5
2,0,9,2
3,1,20,4
1,1,15,5
5,5,38,5
7,2,56,3
0,0,0,4
3,3,14,5
3,3,0,4
1,0,3,4
0,0,39,3
4,2,2,3
4,4,60,5
1,0,5,4
0,0,18,5
1,1,37,5
0,0,0,5
1,1,2,3
5,1,57,4
5,0,28,4
5,1,86,3
4,1,39,1
0,0,58,5
1,1,1,5
1,0,3,4
3,3,7,5
1,0,37,1
0,0,3,5
3,0,78,2
1,0,1,3
3,3,11,5
2,2,27,5
7,2,36,2
3,3,106,5
0,0,0,2
0,0,6,4
0,0,15,5
0,0,19,4
0,0,1,5
6,0,65,2
5,1,22,3
1,1,18,4
0,0,1,5
6,2,1,3
2,0,66,2
0,0,34,5
1,0,34,2
10,2,94,4
1,1,5,3
2,0,9,4
0,0,19,4
0,0,8,4
1,0,1,1
3,1,61,3
0,0,1,2
0,0,1,3
0,0,1,1
1,0,0,2
2,0,4,1
1,0,15,2
1,0,9,1
5,1,10,1
11,1,137,1
3,3,82,5
3,3,0,5
1,0,3,2
1,0,5,4
4,0,9,2
0,0,2,2
3,3,53,5
1,1,23,4
2,1,6,4
0,0,2,1
0,0,0,1
1,1,52,5
1,1,3,5
6,6,57,5
1,1,0,5
4,4,53,5
0,0,12,1
3,3,131,5
2,2,37,5
1,0,10,3
4,1,14,1
1,1,46,5
2,2,4,4
3,3,6,5
2,2,42,5
0,0,9,5
1,1,7,5
0,0,0,5
3,0,14,2
2,2,66,5
2,2,14,5
0,0,2,5
2,2,4,5
2,1,6,4
0,0,15,5
10,10,203,5
0,0,19,5
0,0,4,5
4,4,4,5
0,0,3,2
1,1,31,5
0,0,1,5
6,0,65,4
6,6,0,5
2,2,19,5
1,0,11,4
0,0,10,5
0,0,2,5
0,0,7,4
2,2,32,5
2,1,10,2
5,2,45,1
1,0,1,2
1,0,30,2
1,1,26,5
1,0,4,4
3,1,42,3
5,0,65,1
0,0,0,5
5,2,2,4
1,0,8,1
0,0,3,4
1,0,5,2
0,0,0,3
2,1,43,4
0,0,3,5
1,0,48,4
2,1,0,2
8,8,5,5
0,0,1,5
1,1,1,2
4,4,9,5
1,1,2,5
1,1,34,5
1,0,15,2
0,0,0,5
2,2,3,5
4,4,66,5
3,3,31,5
0,0,1,2
0,0,0,5
0,0,44,5
2,2,74,5
2,2,39,5
8,4,33,4
2,0,13,4
1,1,1,4
1,1,15,5
0,0,10,5
2,1,11,4
0,0,4,5
2,2,5,5
0,0,1,5
2,0,0,1
4,4,54,5
0,0,1,2
17,17,2,5
3,3,101,5
2,2,11,5
1,1,33,5
0,0,0,5
2,1,0,3
5,1,29,2
5,1,35,2
1,0,0,3
1,0,1,3
0,0,1,4
3,3,125,5
1,1,58,5
1,1,34,5
3,3,11,5
1,1,5,5
1,1,2,5
1,0,6,3
1,1,35,5
0,0,3,5
1,1,28,5
23,4,218,4
1,0,4,4
3,1,0,1
5,0,27,1
2,0,11,2
0,0,0,5
3,3,21,5
18,0,79,1
0,0,1,5
2,0,7,1
3,0,2,1
3,1,14,2
1,1,5,5
2,2,17,5
0,0,0,5
2,2,38,5
3,3,1,5
0,0,2,2
1,0,58,1
6,0,79,1
1,1,15,5
1,1,2,5
5,5,91,5
1,0,11,2
6,6,70,5
2,2,10,5
0,0,2,5
3,0,1,1
0,0,0,4
2,0,9,1
2,2,33,5
0,0,0,5
2,1,37,2
1,1,51,5
0,0,1,1
17,17,295,5
5,0,32,1
3,0,42,2
2,1,1,3
0,0,7,5
1,1,24,5
0,0,0,5
7,0,114,1
0,0,3,1
3,0,13,2
4,0,0,2
0,0,1,5
2,2,62,5
4,4,57,5
0,0,5,5
0,0,0,5
2,2,5,5
5,0,15,1
7,1,45,1
1,1,16,4
2,0,5,3
2,2,12,4
1,0,1,4
0,0,1,5
1,1,14,5
1,1,9,5
2,2,8,5
0,0,9,4
26,5,303,4
0,0,5,5
0,0,1,5
0,0,3,5
10,10,10,5
1,0,6,1
9,4,19,2
6,6,168,5
2,0,14,1
0,0,1,2
1,0,3,1
2,0,20,2
4,4,15,5
21,21,467,5
4,0,40,2
5,5,126,5
11,1,101,4
3,2,36,4
0,0,17,1
1,1,44,5
1,1,4,5
2,0,39,1
0,0,45,5
7,4,38,4
0,0,21,5
0,0,11,4
0,0,0,5
17,17,105,5
1,0,35,3
1,0,12,4
0,0,3,5
6,6,52,5
1,0,2,2
0,0,11,5
1,1,2,5
0,0,53,5
0,0,1,2
1,1,19,5
3,1,8,3
3,0,12,1
0,0,2,1
0,0,5,5
4,4,83,5
0,0,1,4
4,1,9,1
0,0,7,3
3,0,9,3
0,0,3,5
4,4,39,5
3,0,24,2
4,4,65,5
0,0,4,1
3,2,15,4
4,4,15,5
0,0,1,1
1,1,36,5
3,3,21,5
1,0,6,4
5,1,42,4
5,5,36,5
3,3,65,5
7,1,104,1
2,0,27,3
0,0,9,5
0,0,1,5
2,0,13,3
3,1,52,3
3,1,35,4
0,0,35,5
0,0,39,1
0,0,10,5
6,2,54,1
1,1,19,5
2,2,81,5
4,4,31,5
1,1,1,5
0,0,19,5
1,1,2,5
6,0,84,4
8,2,124,4
13,3,67,2
3,3,30,5
1,0,1,2
1,0,2,2
2,2,35,5
11,2,204,2
2,2,22,5
6,0,64,4
4,4,33,5
0,0,10,4
0,0,0,1
1,1,2,5
0,0,0,1
0,0,1,5
3,1,50,4
2,0,4,1
0,0,0,5
1,1,3,5
1,1,29,5
0,0,1,4
2,0,7,2
1,0,18,4
0,0,1,5
0,0,12,4
2,2,67,5
6,2,13,3
0,0,3,2
4,4,56,5
0,0,22,5
2,1,33,3
2,2,75,5
3,3,49,5
3,0,38,4
0,0,2,5
5,0,59,3
3,3,8,4
0,0,0,3
4,4,257,5
1,0,6,1
0,0,2,5
2,2,22,5
4,4,41,5
1,1,39,5
3,1,43,4
2,0,25,4
4,0,30,4
1,1,20,4
0,0,0,3
2,1,0,1
0,0,2,5
4,4,51,5
4,4,24,5
4,4,31,5
0,0,8,5
0,0,0,5
8,0,18,4
0,0,4,5
3,0,19,1
0,0,1,5
2,0,11,1
0,0,7,5
1,0,9,3
0,0,2,4
0,0,0,4
3,0,36,3
0,0,0,1
6,1,53,2
0,0,4,2
2,1,4,1
0,0,1,5
3,0,18,2
2,0,4,1
1,1,2,5
0,0,0,3
4,0,50,2
2,2,47,5
3,0,19,2
0,0,2,2
0,0,4,2
2,0,2,1
7,3,57,4
0,0,4,5
0,0,2,2
3,3,39,5
3,0,18,2
4,4,126,5
0,0,2,1
5,0,46,3
1,1,1,5
1,1,49,5
0,0,13,3
2,0,5,4
3,2,48,4
7,1,68,2
0,0,3,5
0,0,10,5
3,3,73,5
0,0,5,5
1,0,1,1
1,1,16,5
0,0,24,5
4,0,14,2
3,1,3,3
1,0,4,4
0,0,16,2
5,1,29,1
1,0,0,1
3,3,49,5
0,0,5,5
3,3,51,5
2,0,26,1
0,0,1,5
1,0,28,1
3,0,1,2
2,1,43,3
0,0,6,5
0,0,0,5
1,1,2,5
3,0,6,4
4,0,23,1
0,0,17,5
5,4,2,4
3,3,39,5
4,4,41,5
2,2,0,5
0,0,8,3
3,1,1,2
9,1,65,2
0,0,19,5
3,1,51,1
2,2,16,5
3,1,50,3
0,0,3,5
0,0,3,4
4,0,43,4
1,0,44,1
3,0,31,4
1,1,2,5
0,0,0,5
2,0,4,3
5,0,60,4
8,1,31,2
2,2,3,5
11,1,80,1
3,1,25,3
3,3,20,5
0,0,5,1
0,0,0,5
4,0,46,1
2,2,4,5
1,0,4,4
2,0,23,3
1,1,5,5
0,0,1,2
1,0,2,2
3,0,11,4
6,3,15,1
0,0,3,3
3,1,1,1
1,0,5,1
1,1,62,5
3,1,54,3
2,2,2,5
0,0,0,3
0,0,28,5
0,0,1,2
0,0,1,5
0,0,3,5
0,0,3,5
2,2,36,5
0,0,3,5
1,0,3,1
2,0,10,2
0,0,1,5
6,0,122,1
0,0,1,5
3,0,29,1
3,3,31,5
1,0,3,2
1,0,6,2
0,0,0,5
4,4,62,5
1,1,17,5
4,4,122,5
1,1,28,5
1,1,10,5
2,0,12,1
2,0,9,2
1,0,2,1
3,3,45,5
0,0,3,4
2,2,33,5
2,1,3,2
3,3,40,5
24,0,315,2
0,0,1,1
4,3,16,3
0,0,2,5
0,0,13,1
4,4,6,5
1,1,17,5
0,0,12,5
2,0,15,1
0,0,4,5
0,0,2,4
1,1,12,5
4,4,26,5
4,1,16,3
0,0,2,5
4,3,2,4
1,1,4,1
0,0,19,2
2,0,29,2
2,2,12,5
6,0,41,2
18,3,305,2
0,0,6,2
0,0,0,5
0,0,7,5
0,0,2,5
1,1,47,5
5,1,10,1
0,0,1,5
2,2,2,5
1,0,25,3
0,0,10,2
0,0,19,5
0,0,0,3
2,2,18,4
1,0,22,4
0,0,12,2
0,0,2,3
1,1,3,2
0,0,0,1
6,0,68,1
4,3,20,3
3,0,5,1
1,1,25,4
0,0,7,5
3,0,13,4
1,1,15,5
1,1,19,5
6,6,57,5
0,0,2,5
3,3,53,5
3,0,24,3
13,4,4,3
1,0,2,4
0,0,0,5
2,2,15,5
6,6,265,5
2,0,11,2
0,0,29,5
6,5,11,4
5,5,164,5
2,2,1,4
2,0,10,3
1,0,2,3
1,1,6,5
4,1,31,4
2,2,16,5
0,0,5,5
7,0,48,2
3,1,15,1
1,1,22,5
72,7,909,3
0,0,17,5
1,1,2,4
2,2,48,5
5,1,28,3
5,3,0,3
1,0,6,1
0,0,12,5
0,0,2,1
0,0,5,5
2,0,40,3
0,0,0,1
1,1,37,5
2,2,2,5
4,0,19,2
0,0,23,1
6,0,61,1
1,0,19,3
0,0,2,5
1,0,19,3
1,1,21,5
7,5,59,4
2,0,13,2
0,0,21,5
4,0,72,1
1,1,15,5
5,2,58,2
5,4,16,4
5,1,6,2
1,1,0,2
0,0,10,5
2,2,26,5
0,0,0,5
0,0,0,4
4,2,52,4
0,0,3,5
0,0,1,4
2,2,17,4
6,6,27,5
1,1,16,5
1,1,32,5
7,0,90,1
1,1,19,5
1,1,2,5
1,1,10,5
3,3,45,5
3,0,26,1
0,0,0,1
1,1,46,5
2,0,24,4
0,0,4,5
1,0,1,1
10,1,177,2
2,0,51,1
2,1,1,4
2,2,22,5
0,0,21,2
5,0,105,1
1,0,4,3
6,6,99,5
0,0,0,2
1,1,13,5
4,4,10,4
5,2,30,2
0,0,18,5
13,2,117,1
0,0,0,5
1,1,2,5
1,0,13,3
2,0,9,1
0,0,3,5
1,1,22,5
1,0,12,2
4,3,12,3
0,0,3,1
0,0,15,5
7,0,29,1
1,1,12,5
1,1,16,2
1,0,2,3
1,0,6,2
14,7,126,4
0,0,6,5
14,0,135,1
1,0,20,4
2,0,19,4
1,0,13,4
0,0,1,5
5,0,19,4
0,0,22,5
0,0,0,5
2,2,173,5
1,1,41,5
3,3,70,5
1,1,4,4
0,0,3,5
3,2,41,4
1,1,3,5
1,0,1,2
7,7,95,5
2,0,1,3
2,2,59,5
2,0,4,4
2,2,14,5
2,1,25,1
0,0,5,5
2,2,17,5
1,1,2,5
1,1,8,4
0,0,8,5
2,0,17,1
3,3,25,5
0,0,4,4
1,1,1,5
2,0,6,2
4,4,45,5
0,0,0,5
1,1,4,5
14,6,18,4
0,0,25,5
0,0,6,1
0,0,1,5
2,2,66,5
5,5,49,5
11,2,90,4
8,1,69,1
2,1,6,4
0,0,1,3
5,5,44,5
0,0,1,5
1,0,16,2
5,3,3,3
2,0,27,1
5,3,20,2
0,0,4,5
0,0,0,4
2,1,4,3
2,2,1,5
2,1,30,4
6,0,30,1
3,1,34,3
1,1,3,5
0,0,3,5
1,1,13,5
7,3,62,3
2,2,44,5
8,1,66,2
0,0,3,5
1,0,20,1
1,0,10,4
4,1,10,2
1,1,21,5
0,0,3,5
2,2,49,5
5,5,47,5
0,0,1,2
0,0,0,5
0,0,2,3
10,10,51,5
7,7,59,5
2,2,32,5
0,0,0,5
8,1,97,2
1,0,22,2
3,3,72,5
1,1,3,5
10,2,67,4
15,7,78,4
32,32,506,5
2,2,41,5
0,0,1,5
0,0,15,1
7,1,19,2
0,0,0,5
23,7,299,4
20,1,207,1
4,4,29,5
1,1,8,5
5,0,15,3
1,1,1,5
2,2,38,5
1,0,9,3
5,5,84,5
1,0,18,4
9,0,77,4
3,1,13,3
0,0,2,2
0,0,1,4
1,0,4,1
1,0,7,3
1,0,7,1
9,9,30,5
1,0,19,4
1,0,4,4
3,3,88,5
2,2,17,5
0,0,0,2
0,0,5,1
1,0,9,2
1,1,30,5
0,0,1,4
1,0,13,3
0,0,6,3
5,1,20,4
0,0,0,5
1,1,1,5
5,1,64,4
2,0,11,1
1,1,1,4
0,0,0,5
1,1,7,5
2,2,13,5
0,0,1,5
0,0,6,5
1,1,1,5
0,0,0,5
1,0,5,1
4,4,59,5
1,0,30,4
3,3,39,5
0,0,15,5
1,1,25,5
5,0,58,1
0,0,6,5
11,11,0,5
2,0,16,3
2,1,1,2
1,1,29,5
0,0,11,5
4,2,22,4
0,0,13,5
3,0,13,1
0,0,1,2
1,1,1,5
0,0,9,5
3,0,8,4
7,1,58,4
2,2,3,5
3,1,11,2
5,5,26,5
0,0,2,5
1,0,73,1
3,3,0,4
0,0,8,5
13,1,141,3
1,0,1,1
4,4,3,5
0,0,2,4
1,1,19,2
6,0,103,1
4,1,8,2
1,1,7,5
23,3,207,3
8,0,46,1
10,10,129,5
2,0,2,1
1,0,3,3
11,0,147,1
4,4,3,5
6,6,66,5
8,0,72,3
0,0,10,5
8,2,45,1
1,0,4,1
2,2,26,5
1,0,22,2
0,0,21,5
4,1,21,1
0,0,13,5
3,0,25,4
1,1,4,5
1,1,0,1
0,0,1,5
2,2,44,5
1,1,16,5
0,0,24,3
2,0,7,1
1,0,12,2
1,1,20,5
0,0,2,2
1,0,2,1
4,0,30,1
9,9,115,5
7,1,65,2
4,4,3,5
3,3,47,5
4,4,112,5
1,0,5,4
0,0,4,5
1,1,46,5
3,0,12,1
4,0,44,1
1,1,7,4
0,0,33,5
1,1,6,5
6,1,25,2
4,0,48,2
3,0,40,1
1,1,50,5
0,0,0,5
0,0,11,5
6,6,113,5
0,0,11,5
0,0,5,2
2,0,3,1
1,0,17,1
1,0,15,1
3,3,69,5
0,0,39,5
0,0,3,4
2,1,10,2
2,0,28,4
1,0,10,3
1,1,122,5
0,0,1,4
0,0,6,3
1,1,66,5
0,0,12,5
7,4,3,2
6,4,7,4
1,0,1,3
0,0,0,3
1,1,16,5
2,2,23,5
0,0,7,1
10,10,113,5
0,0,2,4
7,7,17,5
4,3,1,2
0,0,0,2
0,0,6,2
3,0,30,1
2,0,1,1
0,0,29,5
4,0,41,3
0,0,0,4
0,0,4,5
1,1,1,5
1,1,11,5
9,9,179,5
1,1,3,5
0,0,0,5
7,1,71,1
3,3,8,5
4,2,29,4
2,2,5,5
2,1,21,4
0,0,0,1
0,0,0,5
1,0,19,4
3,2,14,4
0,0,29,5
0,0,10,5
0,0,9,5
0,0,14,1
0,0,2,1
0,0,14,5
6,6,123,5
14,3,224,1
1,1,5,5
1,1,24,5
0,0,0,4
1,1,1,5
0,0,12,4
1,0,15,2
0,0,7,4
3,0,29,2
1,1,18,5
1,1,19,5
0,0,0,5
1,1,1,5
1,0,19,1
1,0,4,1
1,1,5,5
3,3,10,5
2,0,35,4
1,1,21,5
0,0,1,5
4,1,42,2
4,0,41,4
1,0,3,4
3,0,32,4
0,0,4,5
1,1,3,5
1,1,1,1
0,0,3,5
4,1,39,1
2,1,3,4
0,0,0,2
0,0,1,2
3,3,13,5
4,0,5,1
2,2,2,5
1,1,2,5
3,1,22,3
1,0,0,2
2,2,7,5
5,1,58,1
11,2,166,3
3,3,38,5
0,0,0,3
0,0,15,5
2,1,0,2
3,1,1,2
5,3,42,3
1,1,41,5
8,2,48,4
0,0,3,1
0,0,32,3
3,0,35,2
0,0,11,5
2,1,28,4
5,0,16,3
1,0,18,2
2,0,20,4
0,0,5,5
1,1,35,3
1,1,12,5
8,8,2,5
0,0,2,2
7,0,51,2
4,4,1,5
0,0,0,5
2,2,17,5
7,7,149,5
1,1,18,5
3,3,44,5
2,2,1,5
0,0,4,5
19,16,2,4
2,1,3,2
0,0,1,5
1,0,2,4
1,1,23,5
3,3,27,5
17,2,214,3
25,4,276,1
0,0,8,5
1,1,23,5
1,0,9,1
6,1,5,1
0,0,2,2
0,0,5,5
0,0,0,3
4,4,38,5
4,4,14,5
0,0,2,3
4,0,98,4
3,0,3,1
2,2,57,5
6,2,21,2
2,0,5,1
0,0,9,5
4,4,30,5
0,0,14,5
0,0,2,1
2,0,24,4
3,3,4,5
1,1,60,5
1,1,5,3
0,0,0,1
23,1,301,1
0,0,8,5
12,2,97,1
0,0,8,5
0,0,14,5
3,3,24,5
7,2,20,4
1,1,6,5
4,1,22,2
6,6,105,5
0,0,0,5
7,5,62,4
0,0,3,5
1,1,49,5
20,1,194,4
2,2,51,5
1,1,24,5
0,0,4,5
1,0,2,1
1,0,23,3
0,0,0,4
1,0,3,2
1,1,29,4
3,1,3,4
1,1,40,5
1,1,12,4
6,5,28,4
2,2,18,5
0,0,7,2
4,4,12,5
4,4,83,5
1,1,17,5
1,0,10,2
2,0,3,4
2,0,39,4
3,0,13,4
2,2,0,5
5,2,63,4
2,2,10,5
0,0,1,5
0,0,37,5
3,3,21,5
3,0,24,4
4,0,50,3
0,0,11,5
3,0,17,3
1,1,30,5
2,1,1,4
0,0,0,5
0,0,19,5
2,2,37,5
3,3,41,5
0,0,3,5
3,0,43,1
1,1,26,5
3,3,31,5
0,0,0,5
3,0,17,2
0,0,3,2
0,0,1,1
11,1,108,2
9,1,89,1
4,4,52,5
0,0,1,2
6,6,65,5
6,0,107,2
6,1,67,4
3,3,34,5
0,0,1,4
1,1,46,5
2,1,13,3
0,0,2,5
0,0,3,3
0,0,24,5
1,0,16,1
1,0,11,1
0,0,16,3
1,1,12,5
2,0,32,1
0,0,2,5
4,1,83,3
2,2,6,5
5,0,45,1
4,4,32,5
4,4,47,5
5,4,11,4
3,0,4,2
5,1,9,1
2,0,13,1
4,0,79,1
1,0,25,2
0,0,0,5
0,0,4,5
0,0,41,5
5,0,22,1
9,4,79,3
0,0,0,5
0,0,0,5
1,1,5,5
5,0,60,1
1,0,20,3
2,1,0,2
0,0,2,5
7,1,1,1
2,0,5,2
3,0,20,2
4,1,3,2
2,2,31,5
2,2,37,5
1,1,6,5
9,3,56,4
13,13,382,5
0,0,4,3
1,0,67,2
0,0,12,5
1,1,38,5
3,2,9,2
0,0,0,2
8,3,11,1
0,0,5,5
4,1,21,4
2,1,22,2
3,3,39,5
1,1,36,4
1,1,14,1
0,0,1,5
1,1,0,2
3,1,42,4
0,0,1,1
0,0,1,5
0,0,15,1
2,0,20,2
4,4,50,5
2,2,49,5
4,2,1,2
1,1,0,2
1,0,26,2
2,2,39,5
2,2,83,5
0,0,0,5
2,2,29,5
0,0,1,5
5,4,38,4
2,2,2,5
2,0,32,4
0,0,0,3
0,0,1,2
2,0,37,2
1,1,44,5
2,2,6,5
1,1,1,5
1,0,34,4
0,0,0,1
5,0,11,1
2,1,1,4
5,5,59,5
0,0,40,5
4,3,65,4
12,3,78,2
0,0,5,4
8,2,38,2
5,2,18,3
2,2,23,5
0,0,35,5
11,1,81,4
2,1,34,4
1,1,0,5
2,2,30,5
0,0,1,5
6,0,76,2
0,0,9,5
0,0,0,5
14,4,114,4
3,0,34,3
0,0,4,3
0,0,2,5
1,1,89,5
0,0,0,5
2,0,5,3
1,1,18,5
0,0,4,5
0,0,1,1
7,7,26,5
1,1,3,5
11,2,53,1
44,44,508,5
3,2,10,1
1,0,0,1
1,0,39,1
1,0,6,2
9,9,0,5
2,0,24,1
1,1,2,5
4,0,36,4
5,0,40,3
5,1,12,1
0,0,0,2
1,0,17,2
7,4,61,3
3,1,13,3
7,7,142,5
0,0,0,5
0,0,2,2
1,0,8,1
5,0,19,4
4,0,19,4
4,1,55,4
2,2,2,4
5,5,137,5
20,4,240,4
2,0,4,2
6,2,73,3
12,12,91,5
3,2,13,4
1,1,41,5
1,1,34,5
0,0,6,5
2,2,43,5
0,0,2,5
2,2,2,5
2,0,41,2
0,0,17,5
1,0,9,4
2,2,3,5
2,2,65,5
4,0,64,1
6,0,66,2
10,4,47,4
0,0,5,5
2,2,11,5
0,0,2,3
4,0,23,4
6,0,5,1
2,2,0,4
2,1,10,1
1,0,1,4
1,0,8,2
4,1,54,4
1,1,3,3
0,0,1,5
0,0,3,5
1,0,10,1
1,0,5,3
3,3,113,5
2,2,4,5
1,0,19,1
0,0,0,3
1,1,2,5
2,0,9,1
2,0,4,1
4,3,21,3
4,0,31,2
0,0,9,5
6,1,15,2
3,1,11,2
1,0,8,1
1,0,15,1
7,1,48,1
0,0,3,5
6,3,1,2
1,1,4,5
1,1,21,5
0,0,16,2
2,1,1,4
2,2,37,5
0,0,4,5
0,0,7,5
1,0,3,2
1,1,35,5
0,0,0,2
5,5,8,5
0,0,6,5
4,1,12,1
8,8,8,5
5,5,116,5
17,1,131,1
2,0,13,1
2,2,3,5
6,6,54,5
0,0,3,5
4,2,2,4
3,0,12,4
6,6,50,5
1,1,32,5
1,0,24,2
0,0,1,3
0,0,1,5
6,1,30,3
4,4,66,5
2,2,62,5
1,1,28,5
1,1,34,5
0,0,50,5
2,0,8,4
4,1,2,1
1,1,1,3
3,3,13,5
1,0,4,4
1,1,4,5
5,4,47,3
4,0,54,2
2,0,4,1
0,0,2,5
8,8,141,5
0,0,0,5
2,2,2,5
5,5,77,5
3,0,57,4
4,0,47,2
0,0,0,5
2,0,6,1
0,0,2,4
1,0,1,3
2,0,5,2
0,0,19,1
0,0,1,5
1,0,6,2
0,0,2,5
34,34,789,5
13,13,214,5
4,2,3,4
0,0,4,5
8,3,41,4
1,1,1,5
3,1,26,1
1,1,16,5
0,0,4,1
0,0,15,1
2,1,1,2
0,0,8,5
0,0,0,4
0,0,8,2
0,0,1,5
9,9,19,5
0,0,11,4
3,3,32,5
0,0,2,5
2,2,42,5
1,1,50,2
6,1,1,1
2,2,19,5
2,0,32,1
1,1,2,5
12,1,16,1
4,0,98,2
0,0,1,5
0,0,0,3
0,0,1,5
0,0,6,5
5,5,103,5
6,4,19,3
3,1,32,3
4,1,55,2
4,4,9,5
19,1,235,1
0,0,2,5
1,1,3,5
0,0,1,4
2,0,19,2
0,0,6,5
0,0,2,1
14,4,34,2
1,1,23,2
2,0,10,1
4,1,29,2
1,1,15,5
0,0,5,5
6,0,71,3
0,0,1,5
0,0,6,5
7,4,2,2
0,0,5,5
1,1,8,5
5,0,50,1
3,0,7,2
0,0,30,5
9,2,88,2
3,3,5,5
0,0,1,5
1,1,3,5
0,0,12,1
4,4,11,5
1,0,15,3
4,4,67,5
1,0,4,1
0,0,12,1
2,0,11,4
2,1,22,2
2,0,15,3
8,4,72,3
1,1,29,5
6,6,92,5
1,1,4,5
0,0,10,3
3,1,55,4
4,4,63,5
0,0,50,5
3,0,41,1
2,2,15,5
0,0,6,4
3,0,6,3
0,0,13,5
1,0,14,1
0,0,0,3
0,0,17,3
2,0,36,2
4,0,66,2
0,0,4,5
0,0,1,5
2,2,9,5
1,0,2,4
7,7,34,5
0,0,15,5
0,0,2,5
3,3,22,5
0,0,2,5
4,0,5,4
0,0,1,5
0,0,1,5
2,0,45,4
1,1,14,5
0,0,1,2
0,0,17,5
1,1,28,5
5,0,38,2
1,1,15,5
4,0,13,1
0,0,5,3
2,2,33,5
0,0,1,5
0,0,5,2
1,1,34,5
1,1,11,5
0,0,29,5
2,2,18,5
3,3,47,5
1,1,51,5
0,0,8,5
0,0,13,5
4,4,10,5
7,3,25,2
5,0,52,2
1,1,18,5
2,1,2,3
0,0,0,5
7,2,125,3
8,2,94,1
0,0,4,2
1,0,15,2
0,0,2,5
3,3,8,5
2,2,41,5
0,0,12,5
1,1,35,5
0,0,2,2
4,4,15,5
2,0,13,4
3,3,75,5
3,1,0,2
0,0,1,5
4,4,106,5
1,1,2,5
1,0,17,3
4,1,10,3
5,4,3,4
1,0,24,2
0,0,9,5
0,0,3,5
1,1,25,5
4,1,13,4
2,2,25,5
5,1,62,3
7,0,54,2
2,2,54,5
8,0,58,4
2,2,23,5
4,0,47,2
9,0,74,1
0,0,5,5
1,1,3,5
2,2,45,5
0,0,2,5
2,2,48,5
0,0,0,5
1,0,1,2
5,2,17,4
4,0,17,1
3,3,3,5
3,0,11,2
6,3,20,3
6,1,49,2
1,1,42,5
4,1,68,3
2,0,12,4
2,0,3,1
8,1,33,1
1,0,25,4
1,1,1,5
1,1,6,5
3,1,10,3
2,0,14,3
1,1,9,5
4,0,7,1
1,0,16,3
0,0,9,3
5,0,41,1
0,0,1,5
7,0,22,1
10,2,51,2
1,1,10,5
0,0,2,4
0,0,3,2
1,1,52,5
1,0,3,4
3,0,1,1
0,0,12,4
0,0,0,1
3,3,27,5
3,1,0,4
0,0,6,5
2,0,43,3
2,2,2,5
8,1,42,2
1,1,1,2
6,1,69,2
1,0,1,4
0,0,0,1
1,0,3,1
0,0,9,5
2,1,49,4
1,1,45,5
0,0,3,5
1,1,1,5
1,1,28,5
2,0,17,2
5,1,69,4
2,2,5,5
1,0,41,3
0,0,1,5
1,1,60,5
2,0,33,3
2,2,67,5
3,3,61,5
6,0,58,1
1,1,2,5
1,1,3,4
1,0,4,1
1,1,14,5
0,0,3,5
2,2,32,5
1,0,3,4
2,0,17,1
9,1,50,3
0,0,8,5
2,2,1,5
0,0,6,1
3,3,55,5
3,3,37,4
1,1,7,4
0,0,0,1
3,3,22,5
4,4,138,5
0,0,15,5
8,2,59,2
1,1,42,5
1,1,0,5
3,0,20,2
3,0,37,2
6,2,127,4
0,0,12,5
1,1,25,5
0,0,10,3
0,0,1,5
2,1,0,4
5,1,3,1
0,0,0,5
3,3,44,5
0,0,1,5
1,1,61,5
0,0,4,5
0,0,3,5
7,1,33,1
4,4,2,5
0,0,26,4
6,1,37,2
1,1,17,5
1,1,33,5
0,0,1,5
10,10,6,5
5,5,61,5
0,0,9,4
2,0,2,4
13,13,126,5
1,0,13,1
0,0,31,5
2,2,56,5
0,0,10,2
1,0,10,1
3,3,28,5
1,1,0,1
2,2,14,5
0,0,0,5
1,1,13,5
1,1,19,5
1,1,22,5
4,0,20,2
0,0,0,1
9,9,123,5
1,1,1,4
0,0,10,1
3,3,38,5
0,0,10,5
0,0,1,2
0,0,1,5
0,0,9,5
11,1,43,2
0,0,9,5
0,0,5,5
4,4,28,5
6,3,69,3
0,0,24,1
1,1,19,5
6,1,64,2
6,0,68,1
1,0,4,2
0,0,2,5
5,2,59,4
5,5,27,5
0,0,11,5
3,3,1,5
1,1,18,5
2,1,29,4
2,0,24,1
12,1,92,2
14,14,140,5
2,2,2,5
2,2,24,5
1,1,7,5
1,0,15,4
3,1,17,4
1,1,10,5
0,0,1,2
2,2,16,5
1,1,42,5
2,2,4,5
0,0,1,4
5,3,26,4
1,0,2,4
5,1,63,2
5,5,115,5
1,1,0,4
9,1,73,4
1,1,9,5
0,0,3,2
3,0,62,1
7,7,135,5
0,0,0,1
6,6,38,5
6,6,38,5
0,0,2,5
0,0,6,2
2,1,6,2
4,1,0,4
7,2,53,3
3,3,60,5
0,0,1,3
0,0,1,4
0,0,1,4
0,0,4,5
1,1,46,5
2,2,11,5
2,2,75,5
1,0,26,4
8,8,27,5
1,1,0,3
2,0,37,4
1,1,0,5
2,1,7,1
2,2,27,5
1,1,22,5
1,1,10,5
3,3,35,5
5,1,105,3
1,0,12,1
0,0,2,5
7,1,59,2
3,0,57,1
0,0,2,5
0,0,2,3
5,3,29,4
1,0,29,4
1,0,2,4
0,0,0,4
7,0,108,1
1,1,4,5
0,0,1,4
9,3,56,2
1,1,18,5
4,1,10,1
1,0,3,2
8,4,33,4
2,2,19,5
0,0,0,4
7,0,44,3
1,0,23,2
7,6,2,3
2,2,2,4
2,2,38,5
4,4,29,5
2,2,4,3
0,0,4,5
0,0,18,5
0,0,3,5
1,1,12,5
0,0,2,3
2,0,2,1
2,2,4,5
0,0,21,5
0,0,6,3
0,0,2,5
0,0,10,5
6,4,11,4
4,0,36,3
0,0,107,5
2,0,19,2
11,11,128,5
1,0,6,1
6,0,42,1
1,0,31,1
5,5,49,5
2,2,135,5
3,0,61,1
2,0,17,2
3,1,16,2
0,0,6,5
1,1,39,5
0,0,2,5
1,1,9,5
6,3,4,2
2,2,65,5
1,1,36,5
0,0,8,1
4,4,50,5
1,0,3,1
0,0,0,4
4,1,15,3
5,0,55,1
7,2,89,4
11,0,18,1
5,2,49,2
9,9,5,5
1,1,2,4
2,1,28,3
1,0,16,4
3,1,3,2
12,0,198,1
0,0,32,5
6,6,151,5
6,2,16,1
3,2,30,3
1,1,0,3
1,0,3,3
0,0,1,2
2,2,73,5
6,6,82,5
2,2,26,5
1,1,15,5
1,1,12,5
9,1,41,2
0,0,36,5
35,8,456,2
0,0,1,2
5,1,14,4
0,0,2,1
8,1,75,1
8,5,35,4
3,0,31,4
7,7,178,5
5,5,80,5
1,1,2,5
1,1,3,5
0,0,3,1
3,1,8,1
2,1,3,4
1,1,32,3
0,0,2,3
1,0,7,3
4,0,4,1
3,1,53,1
0,0,1,1
2,2,3,5
2,2,21,5
3,0,12,1
1,1,33,5
0,0,15,5
5,5,44,5
2,2,3,5
11,11,146,5
6,6,158,5
4,4,8,5
1,1,10,4
4,4,66,5
2,2,33,5
2,2,35,5
2,2,59,5
1,1,6,5
5,5,16,5
2,0,29,1
5,1,68,1
20,8,3,1
8,0,110,1
2,2,18,5
0,0,9,1
3,3,15,5
17,4,140,2
3,3,45,5
5,0,118,4
6,4,2,4
4,1,34,2
4,4,33,5
0,0,1,5
3,3,22,5
0,0,5,5
0,0,0,5
0,0,1,5
1,1,2,5
3,3,42,5
2,2,35,5
3,3,15,5
5,1,43,2
0,0,0,2
1,0,11,3
2,0,1,1
3,1,1,2
1,0,2,2
2,2,9,5
2,1,33,4
1,0,12,4
0,0,21,5
8,8,7,5
0,0,19,5
1,1,33,5
3,3,54,5
0,0,8,5
0,0,4,5
1,0,14,2
2,1,10,1
0,0,3,5
1,1,4,5
0,0,2,4
7,0,41,1
0,0,3,1
1,0,1,1
6,0,73,4
2,2,17,5
1,0,7,1
1,1,4,5
8,0,121,3
0,0,0,4
0,0,0,1
10,10,91,5
4,4,56,5
0,0,2,5
0,0,0,3
11,0,192,1
7,1,69,2
8,1,3,1
4,1,61,2
1,1,9,1
1,0,26,4
2,0,7,2
2,2,35,5
3,2,3,4
1,0,14,3
1,1,0,4
6,6,5,3
5,4,2,3
0,0,0,5
0,0,1,5
5,0,60,1
7,7,79,5
2,2,8,5
7,2,29,3
0,0,8,5
7,6,0,4
0,0,2,5
0,0,5,3
11,4,2,2
0,0,12,4
2,1,29,4
0,0,2,1
1,0,1,2
0,0,7,5
2,1,9,4
8,2,95,3
1,1,22,5
5,1,10,2
2,2,30,5
0,0,2,3
1,1,4,5
8,1,95,4
0,0,4,5
0,0,4,4
3,1,25,2
2,0,2,3
6,0,87,1
3,3,3,2
0,0,2,5
0,0,1,5
2,1,2,4
4,1,36,2
0,0,24,5
6,6,42,5
5,4,4,4
2,2,5,5
3,1,2,4
2,2,65,5
3,3,77,5
1,1,10,5
2,2,79,5
7,0,74,3
3,3,18,5
4,4,35,5
4,4,41,5
3,3,8,5
2,0,22,2
0,0,0,5
1,1,6,5
0,0,7,5
1,0,10,4
4,1,31,2
4,1,4,2
0,0,65,5
2,1,0,1
4,1,3,2
3,3,36,5
0,0,1,5
0,0,0,5
6,0,70,1
0,0,1,1
0,0,1,3
2,2,19,5
4,4,65,5
4,0,57,1
0,0,3,2
3,0,16,4
2,1,13,4
3,1,5,3
2,0,1,2
2,2,5,5
1,0,15,1
2,1,2,2
0,0,2,5
1,0,28,4
0,0,1,5
2,0,55,1
3,0,31,1
0,0,12,5
0,0,17,5
4,0,69,2
2,1,2,2
1,0,3,3
2,1,75,4
4,0,24,2
4,0,30,1
4,3,21,4
13,1,162,2
5,1,47,4
9,8,1,4
0,0,0,5
0,0,2,2
0,0,4,5
5,5,107,5
0,0,32,5
2,0,2,1
11,0,35,1
1,1,24,5
4,4,81,5
2,0,24,4
4,4,52,5
0,0,5,5
3,3,18,5
0,0,8,5
7,2,47,3
2,2,18,5
2,0,14,4
2,0,18,2
0,0,6,5
2,0,2,2
6,6,163,5
2,1,0,3
0,0,2,4
0,0,16,5
8,2,91,4
3,3,22,5
2,0,11,3
1,0,69,1
4,1,5,1
1,0,22,4
5,1,37,1
6,2,59,4
1,1,9,1
0,0,0,4
2,2,29,4
2,0,51,4
0,0,11,3
15,15,30,5
0,0,1,3
1,1,18,5
0,0,4,1
3,1,42,2
2,2,25,5
0,0,23,4
2,2,40,5
0,0,1,5
1,0,2,2
2,2,57,5
9,1,106,1
1,0,12,3
1,1,3,5
4,4,34,5
0,0,16,2
2,0,49,4
0,0,15,5
10,4,14,2
2,2,50,5
0,0,9,2
0,0,3,1
1,1,81,5
0,0,2,1
5,5,57,5
6,1,61,4
1,1,6,5
1,1,0,2
3,3,1,5
2,0,31,3
7,0,105,1
1,0,10,4
7,1,37,3
1,0,11,1
1,1,3,5
1,1,8,5
0,0,26,5
11,4,63,4
1,1,19,5
1,1,28,5
0,0,21,5
0,0,3,5
2,0,24,3
0,0,1,5
2,1,0,4
1,1,0,5
1,1,3,5
0,0,7,1
0,0,0,5
0,0,0,5
2,2,22,5
7,1,25,2
1,1,38,5
2,2,30,5
1,1,13,4
9,6,2,2
1,0,30,2
0,0,28,5
1,1,2,4
1,0,5,2
2,1,19,2
5,5,13,5
1,1,6,2
1,0,14,4
2,2,26,5
4,1,20,2
3,0,43,1
0,0,1,5
2,2,58,5
4,4,44,5
0,0,20,5
0,0,5,3
1,0,5,2
4,4,39,5
0,0,0,3
2,0,12,3
1,1,17,5
1,1,0,3
0,0,0,5
4,0,40,4
0,0,2,5
5,5,271,5
4,1,53,2
0,0,1,4
2,2,10,5
0,0,2,5
1,1,1,5
1,0,4,3
3,3,65,5
1,0,3,3
2,1,15,4
0,0,1,5
3,3,31,5
3,3,2,5
0,0,1,1
3,1,2,2
11,2,124,1
0,0,2,5
0,0,33,5
1,1,1,4
3,3,110,5
0,0,5,1
10,2,118,2
1,1,28,5
2,2,27,5
4,2,0,1
5,0,0,1
2,2,5,4
6,3,53,4
4,0,52,4
12,12,206,5
3,1,0,2
1,1,16,5
0,0,0,5
2,2,13,5
0,0,12,3
0,0,30,5
8,0,54,1
2,0,45,4
1,1,24,5
14,14,346,5
9,1,59,1
8,7,14,4
1,0,14,1
0,0,0,4
1,1,6,5
1,1,7,5
7,4,2,3
9,4,66,4
5,1,46,4
0,0,2,4
0,0,9,5
12,7,60,4
1,1,4,5
15,3,104,1
0,0,2,5
1,0,1,4
11,1,161,2
5,5,98,5
4,0,10,1
4,2,3,2
1,0,5,2
3,0,36,2
0,0,7,3
1,1,71,5
4,0,19,1
3,1,38,3
3,3,5,5
2,2,8,5
3,1,20,3
4,1,43,2
4,4,25,5
1,0,26,3
1,0,1,4
0,0,2,5
2,0,23,4
4,4,76,5
7,1,46,4
2,0,11,2
0,0,1,5
4,1,33,2
3,1,25,2
0,0,0,5
0,0,12,2
1,1,10,5
3,3,14,5
1,1,1,5
2,0,28,4
0,0,13,5
1,1,15,5
4,4,50,5
0,0,1,2
5,5,152,5
6,6,146,5
1,1,3,5
1,1,6,5
0,0,16,5
0,0,9,3
9,0,100,1
0,0,2,2
8,8,121,5
2,0,44,1
0,0,10,5
5,5,55,5
2,0,4,2
3,1,25,4
1,0,2,1
1,0,1,2
0,0,0,5
1,1,1,5
1,0,3,1
11,0,99,1
0,0,1,5
2,2,159,5
1,0,15,2
3,0,6,4
1,0,4,2
3,2,2,4
1,0,4,2
4,4,44,5
0,0,1,1
1,1,22,3
1,1,3,4
0,0,2,3
1,1,6,5
0,0,0,4
2,2,2,5
0,0,7,5
0,0,2,1
1,1,0,5
4,4,15,5
1,1,5,5
5,5,3,5
2,2,21,5
13,4,41,4
6,3,64,4
5,5,1,5
0,0,6,3
3,1,12,1
1,0,2,4
4,1,53,1
3,2,3,4
3,3,3,5
1,0,2,1
0,0,1,5
5,2,31,4
0,0,0,5
2,0,23,2
1,1,0,1
3,3,45,5
2,2,4,5
2,2,27,5
2,1,35,4
0,0,17,5
2,2,4,5
1,0,8,2
0,0,23,5
0,0,9,5
0,0,7,5
2,1,0,4
1,0,22,4
7,0,91,1
1,1,40,5
1,1,42,5
14,0,78,1
9,9,59,5
2,2,22,5
1,0,6,3
0,0,2,4
2,0,38,3
1,0,4,2
13,0,156,3
2,2,0,5
4,1,29,4
1,1,16,5
2,2,39,5
2,2,4,5
6,1,72,1
0,0,10,5
2,0,11,3
2,0,14,4
3,3,29,5
9,0,50,1
5,1,90,4
2,0,20,1
0,0,0,4
9,4,22,3
2,2,30,5
2,1,47,4
1,1,3,3
1,1,1,4
0,0,4,5
0,0,10,5
0,0,12,3
15,3,147,2
1,1,5,5
1,1,6,5
1,1,18,5
0,0,9,5
2,2,47,5
1,0,0,3
0,0,14,5
0,0,35,3
5,1,45,1
2,2,21,5
0,0,34,2
0,0,2,3
0,0,1,2
6,0,49,3
1,1,2,5
0,0,1,5
1,0,13,4
6,4,25,2
6,1,95,3
0,0,33,5
2,0,5,4
0,0,50,5
0,0,2,5
3,2,1,3
1,0,1,4
2,0,3,1
0,0,2,1
1,1,11,5
1,0,8,1
0,0,3,5
24,13,265,4
0,0,27,5
0,0,1,2
7,6,25,4
5,5,49,5
5,1,43,2
3,3,49,5
1,1,11,5
2,0,3,1
5,1,12,1
0,0,10,5
6,2,2,2
4,1,11,1
3,0,5,2
5,1,30,4
1,1,2,4
2,0,2,1
1,1,3,5
0,0,1,4
3,0,30,2
2,0,0,1
0,0,0,5
0,0,11,5
0,0,1,5
4,0,17,3
7,0,0,1
2,2,29,5
0,0,3,5
2,0,16,4
0,0,0,5
1,1,2,5
4,4,2,5
2,2,1,5
0,0,3,2
6,0,64,4
2,1,2,2
0,0,5,5
0,0,36,5
2,2,4,5
2,0,19,3
1,0,25,2
0,0,2,5
0,0,1,2
4,2,21,3
2,2,54,5
0,0,0,5
0,0,18,1
1,1,42,5
0,0,10,5
4,0,26,1
0,0,0,5
6,0,124,1
5,5,29,5
0,0,31,5
3,3,36,5
2,0,5,2
1,0,2,1
0,0,4,3
3,1,36,3
2,2,25,5
0,0,5,5
1,0,1,2
1,1,1,4
1,1,28,5
3,3,12,5
1,1,40,5
3,1,5,3
5,1,3,3
1,0,2,1
4,4,40,5
0,0,26,4
13,13,255,5
3,0,32,2
0,0,0,2
3,3,56,5
1,0,29,1
0,0,10,5
0,0,0,2
3,3,43,5
3,3,1,5
0,0,1,4
5,5,14,5
2,0,18,2
4,2,14,4
2,2,1,5
1,1,0,2
0,0,1,5
7,0,28,4
1,0,4,4
3,3,13,5
2,0,11,4
2,0,9,3
11,2,50,4
4,4,63,5
0,0,2,1
2,2,2,5
11,1,52,1
1,1,8,5
1,1,1,5
0,0,12,5
1,1,0,2
0,0,6,1
2,2,97,5
4,4,29,5
3,2,2,3
0,0,0,4
0,0,6,5
1,1,82,5
3,0,8,1
0,0,5,4
0,0,13,5
1,1,0,5
6,1,114,3
0,0,0,5
2,0,20,1
1,1,0,5
5,0,21,1
1,1,31,5
8,8,135,5
2,2,14,5
3,2,67,3
3,2,2,4
0,0,65,5
2,2,46,5
1,0,9,1
5,0,43,4
2,0,16,2
0,0,51,5
0,0,22,5
0,0,1,5
1,0,7,3
2,2,21,5
1,0,6,1
0,0,0,5
1,1,44,5
2,2,1,2
0,0,2,5
0,0,0,5
1,0,4,3
3,3,98,5
0,0,24,4
1,1,20,5
0,0,5,2
2,0,34,3
3,3,112,5
2,1,5,1
1,0,1,1
5,1,10,1
3,0,31,4
1,0,3,4
14,3,120,3
7,0,77,3
1,1,1,5
4,0,2,1
4,3,3,4
1,0,4,1
1,0,3,2
19,5,212,4
0,0,4,2
0,0,4,5
0,0,15,2
8,2,27,2
0,0,1,5
1,1,11,5
2,2,21,5
0,0,34,5
1,0,1,3
1,0,59,3
2,2,63,5
1,1,38,5
1,1,21,5
0,0,10,5
10,0,105,2
2,2,38,5
0,0,2,4
0,0,3,5
0,0,0,4
0,0,6,1
2,2,1,5
3,3,10,5
0,0,16,5
0,0,10,5
3,0,34,3
3,0,23,1
6,1,23,2
2,0,2,1
3,1,4,3
5,0,30,4
4,4,22,5
5,0,60,4
1,0,21,2
1,1,51,5
0,0,2,1
0,0,1,4
0,0,1,2
1,1,50,5
3,1,10,4
3,3,5,5
0,0,1,2
2,0,20,1
1,1,0,2
1,1,25,5
7,2,33,4
2,0,41,4
0,0,2,2
2,1,5,2
1,0,3,1
7,1,42,3
2,2,50,5
10,0,156,1
1,1,8,5
0,0,8,5
1,1,22,5
1,1,36,5
2,0,25,4
2,0,3,1
0,0,4,5
0,0,17,5
5,2,9,3
0,0,1,2
2,2,4,5
1,1,44,5
0,0,2,4
4,4,2,5
7,0,144,3
0,0,0,4
0,0,2,5
4,4,78,5
1,0,2,1
0,0,1,5
0,0,7,4
5,0,48,2
0,0,1,3
1,1,1,5
2,0,25,1
0,0,5,5
5,1,76,3
1,1,9,5
3,3,92,5
6,6,106,5
1,0,3,2
0,0,20,5
6,3,45,4
0,0,2,1
2,2,4,3
1,1,6,5
0,0,1,5
1,1,3,2
1,1,28,5
0,0,2,1
0,0,9,3
0,0,1,5
2,2,49,5
2,2,27,5
2,2,2,5
6,2,63,4
1,0,23,1
0,0,1,1
1,1,9,5
0,0,2,2
2,2,50,5
10,3,24,3
0,0,0,5
1,1,0,3
1,1,6,5
7,3,110,4
0,0,2,5
2,2,43,5
2,0,9,4
1,0,19,4
7,0,55,2
0,0,1,5
4,4,19,5
0,0,3,5
0,0,57,5
2,0,33,1
3,3,46,5
1,1,21,5
2,1,3,4
1,1,6,5
0,0,6,5
0,0,7,5
0,0,3,1
0,0,11,4
7,1,54,3
5,0,23,1
0,0,0,2
2,1,15,4
1,1,10,5
4,4,114,5
0,0,0,1
0,0,0,4
0,0,0,5
3,3,49,5
4,4,184,5
0,0,3,5
0,0,8,3
28,6,247,4
2,0,39,3
2,2,9,5
2,0,27,3
0,0,9,1
0,0,2,3
2,2,63,5
0,0,17,2
5,1,89,2
2,0,48,4
3,1,30,4
0,0,1,5
4,1,31,1
1,1,31,5
5,2,6,1
1,1,17,5
5,1,37,1
0,0,21,5
2,1,1,3
0,0,12,5
0,0,5,5
0,0,0,5
1,0,2,1
1,1,29,5
0,0,10,5
0,0,0,2
2,0,14,3
3,0,24,3
0,0,6,5
2,2,110,5
2,2,17,5
5,4,6,4
1,1,1,5
0,0,41,5
4,4,52,5
3,1,42,4
1,1,57,5
2,2,10,5
5,5,40,5
0,0,15,4
2,0,21,2
0,0,30,5
8,8,101,5
0,0,9,1
16,5,124,3
4,4,1,5
6,0,52,2
3,2,1,4
0,0,0,1
1,0,5,4
2,2,47,5
3,3,25,5
3,0,30,3
2,0,1,2
7,2,64,4
1,1,27,5
10,0,106,1
1,0,3,2
5,0,50,2
1,1,3,5
0,0,34,1
3,0,11,1
1,0,21,2
16,16,173,5
2,1,4,1
0,0,0,5
0,0,0,3
1,1,13,4
0,0,2,5
1,1,3,5
0,0,2,5
1,0,1,3
5,2,112,4
0,0,19,3
1,1,6,5
4,1,4,2
8,5,13,3
0,0,2,2
0,0,68,2
1,0,3,2
4,2,0,3
1,1,10,5
0,0,12,5
1,0,8,1
1,1,2,5
0,0,0,4
1,0,1,3
0,0,17,5
13,0,115,1
8,8,26,3
1,1,13,5
5,2,47,4
0,0,9,5
1,1,6,5
0,0,3,2
4,2,16,4
0,0,14,5
4,4,74,5
3,2,3,4
1,1,4,5
1,1,36,5
0,0,1,5
7,0,64,2
1,0,8,2
0,0,1,5
2,1,0,3
4,4,43,5
0,0,8,5
7,7,229,5
0,0,4,1
1,1,20,3
0,0,1,5
2,2,13,5
4,0,45,1
0,0,0,1
2,0,4,1
3,0,9,1
0,0,2,1
9,3,1,1
0,0,3,5
2,2,17,5
4,2,52,4
0,0,1,5
0,0,0,3
2,2,1,4
2,2,9,3
0,0,4,3
3,0,10,1
0,0,73,5
0,0,0,3
0,0,39,5
1,0,3,4
0,0,16,5
11,0,105,1
1,1,6,5
2,0,36,1
3,1,54,4
3,0,32,2
2,2,3,3
0,0,28,5
4,4,9,5
3,3,43,5
3,3,14,5
0,0,0,5
0,0,1,5
1,0,2,2
3,3,4,2
0,0,47,5
6,2,2,2
3,0,89,1
3,3,2,4
0,0,1,5
2,0,58,1
4,2,32,4
0,0,0,5
1,1,9,5
0,0,0,5
2,0,33,4
2,1,1,4
0,0,11,3
4,4,17,5
5,1,11,2
1,1,35,5
3,3,0,5
0,0,0,5
1,1,1,4
3,2,3,4
0,0,2,5
7,7,9,5
0,0,30,5
0,0,0,4
7,1,49,2
0,0,1,4
0,0,9,5
1,1,49,5
3,3,34,5
2,2,28,5
7,7,85,5
1,0,16,1
5,1,1,2
7,1,49,3
4,2,18,4
0,0,2,1
0,0,17,5
1,0,1,2
4,0,42,4
0,0,0,5
0,0,0,4
4,0,19,4
1,1,5,5
0,0,3,5
5,0,13,1
1,0,1,1
3,1,13,4
2,2,29,5
1,1,45,4
0,0,5,4
1,1,18,5
1,0,2,2
1,1,15,4
0,0,4,2
0,0,1,4
0,0,3,4
0,0,58,5
5,5,73,5
2,0,4,4
0,0,4,5
4,0,25,4
12,3,82,4
1,0,21,4
1,0,23,4
1,1,8,5
7,4,26,4
5,4,2,4
0,0,0,5
0,0,5,5
1,0,8,4
0,0,0,5
0,0,6,5
2,0,19,2
2,2,50,5
2,2,3,5
0,0,2,5
1,1,53,5
1,0,2,2
4,1,2,3
7,2,33,4
1,1,0,5
4,0,41,3
5,2,2,2
1,1,21,5
0,0,10,1
1,0,1,1
2,1,0,1
0,0,0,5
6,1,46,1
2,0,14,4
0,0,3,5
3,3,25,5
0,0,6,5
1,1,52,5
1,0,5,4
1,1,26,5
0,0,5,5
2,1,4,4
5,0,22,1
1,0,13,1
1,1,35,5
5,0,28,3
1,1,4,5
2,2,28,5
0,0,14,5
4,4,1,5
8,1,37,1
2,2,13,5
0,0,2,5
4,0,69,4
3,0,5,4
0,0,0,2
3,3,26,5
9,1,46,2
2,1,3,2
0,0,16,5
0,0,18,3
6,4,1,4
0,0,3,2
1,1,32,5
1,1,15,5
1,1,13,5
3,3,40,5
0,0,2,4
4,1,31,3
3,3,37,5
2,0,6,3
3,0,32,4
0,0,6,5
2,2,1,5
0,0,13,3
2,2,25,5
2,1,1,3
0,0,83,5
1,1,11,5
0,0,17,4
5,1,23,4
1,0,5,4
1,0,31,3
1,1,1,5
7,7,98,5
0,0,0,5
2,2,36,5
0,0,11,2
1,0,15,1
0,0,1,2
3,3,18,5
2,0,36,1
3,3,23,5
0,0,11,5
0,0,0,5
3,3,70,5
7,7,52,5
1,0,3,1
2,1,26,1
0,0,0,5
1,1,5,5
1,0,17,3
1,0,12,3
0,0,4,3
4,0,32,2
6,3,29,4
1,0,14,4
0,0,9,1
2,1,22,4
5,1,24,2
1,1,14,5
5,0,46,3
0,0,0,5
0,0,2,1
0,0,37,5
2,2,1,5
2,0,19,2
0,0,2,4
0,0,54,5
0,0,5,5
2,1,0,3
2,1,3,4
3,2,0,2
2,1,1,4
4,4,5,5
0,0,32,5
1,0,1,2
0,0,2,5
0,0,0,5
2,0,13,3
0,0,2,5
3,0,78,2
2,2,13,5
7,1,14,1
3,3,49,5
0,0,4,5
0,0,8,5
0,0,3,1
3,3,130,5
0,0,4,5
1,1,2,5
2,0,3,1
3,3,67,5
0,0,17,5
1,0,3,2
0,0,1,5
0,0,2,3
4,0,41,2
1,0,6,4
0,0,1,5
0,0,2,5
0,0,2,5
2,1,24,4
2,1,38,3
4,0,50,3
0,0,1,5
2,2,25,5
0,0,2,1
0,0,0,1
4,2,10,4
11,1,138,1
1,1,0,4
3,1,53,4
1,0,8,1
0,0,16,5
1,1,0,5
2,0,2,1
0,0,0,5
7,0,52,2
3,0,11,2
0,0,1,5
1,1,31,5
2,2,16,5
2,2,4,5
3,3,54,5
4,4,45,5
4,0,35,1
0,0,5,5
4,4,17,5
1,0,13,4
0,0,1,5
4,0,19,1
0,0,7,4
3,3,32,5
1,0,1,1
0,0,2,3
1,0,49,1
1,1,32,5
1,0,15,2
5,1,58,1
6,1,1,2
1,0,3,4
1,0,29,4
1,0,1,4
2,2,44,4
1,1,5,5
0,0,1,4
3,3,14,5
1,1,2,5
4,0,18,4
1,1,2,3
5,0,39,1
3,1,27,4
6,6,49,5
9,7,3,3
0,0,0,3
1,1,3,5
1,1,7,5
0,0,10,5
1,1,3,5
4,4,3,5
8,8,204,5
3,0,8,1
3,3,49,5
5,5,129,5
0,0,0,4
2,0,3,3
0,0,13,5
1,1,6,5
3,3,71,5
1,1,8,5
3,3,48,5
2,2,80,5
2,0,27,1
9,0,48,4
2,2,12,5
0,0,0,4
0,0,8,1
10,3,25,2
6,3,25,4
3,3,63,5
2,2,2,2
6,6,105,5
0,0,3,5
1,1,23,1
4,0,60,1
1,0,2,1
5,5,94,5
3,3,43,5
9,9,126,5
1,1,1,5
0,0,5,5
1,1,17,5
1,1,7,5
3,1,25,3
3,3,6,5
5,0,41,1
2,1,16,3
1,1,13,5
6,1,68,3
0,0,11,5
0,0,0,3
1,1,27,4
4,0,79,3
3,1,4,1
0,0,1,4
0,0,6,2
1,0,2,1
1,1,31,5
13,0,126,1
2,1,12,2
13,0,178,1
10,4,27,4
1,1,34,5
2,1,13,3
1,0,2,3
2,0,45,4
0,0,3,4
3,3,33,5
4,4,2,5
0,0,0,1
2,0,40,4
0,0,18,4
5,5,120,5
9,1,4,2
3,1,0,1
1,1,44,5
2,0,59,1
3,2,12,4
3,3,61,5
14,14,26,5
0,0,0,4
1,1,2,5
38,38,1019,5
5,0,68,4
0,0,0,1
2,2,50,5
11,1,97,1
1,0,13,3
1,0,22,4
9,9,10,5
2,0,16,2
4,4,88,5
0,0,0,1
2,0,16,3
0,0,28,5
0,0,2,4
2,2,81,5
0,0,4,5
2,0,36,4
1,0,18,1
1,1,33,5
9,1,99,3
0,0,11,4
2,2,0,4
0,0,0,3
2,2,4,5
2,0,25,2
0,0,3,5
1,0,2,4
5,3,17,3
0,0,17,5
9,0,104,4
16,2,222,2
0,0,0,5
2,1,17,3
2,2,23,5
2,2,40,5
1,1,5,5
1,0,16,3
1,1,1,3
1,1,17,5
4,4,28,5
6,1,60,1
1,0,1,2
0,0,3,3
2,2,32,5
2,0,26,2
8,5,14,2
1,0,2,1
4,2,4,4
3,3,78,5
0,0,3,4
16,9,59,4
0,0,13,5
0,0,1,5
8,6,77,4
0,0,17,5
5,1,39,2
5,2,9,4
4,0,14,3
2,0,43,1
4,4,30,5
1,0,3,1
1,1,6,5
0,0,0,2
7,1,22,1
0,0,2,5
5,5,60,5
3,2,0,2
4,1,9,3
1,1,1,5
5,5,36,5
4,1,20,1
3,1,1,1
1,1,9,5
4,2,17,4
8,0,154,1
3,3,6,5
7,7,28,5
0,0,1,5
1,1,36,5
3,3,15,5
2,1,16,2
2,2,39,5
0,0,2,4
3,3,7,5
0,0,1,3
1,0,4,1
3,0,17,4
4,0,102,1
0,0,7,2
0,0,3,5
1,1,42,5
0,0,1,5
0,0,2,4
11,1,57,1
1,0,22,4
0,0,1,5
1,1,4,2
1,0,6,4
7,0,143,1
1,0,5,3
5,5,142,5
3,1,27,3
1,1,57,5
3,0,54,1
6,0,46,3
5,2,28,3
2,2,19,5
0,0,17,5
2,0,19,2
1,0,4,3
6,0,59,1
5,5,30,5
3,0,82,1
9,3,58,4
4,4,20,5
2,2,29,5
0,0,1,4
8,1,163,4
8,2,29,2
1,0,21,2
9,9,100,5
2,0,1,1
1,1,3,5
0,0,4,5
2,0,29,1
0,0,0,5
13,6,122,3
3,2,2,4
1,1,19,5
1,0,1,3
0,0,19,5
1,0,2,1
8,8,67,5
1,1,20,5
1,1,2,5
5,5,60,5
1,1,3,5
0,0,36,2
2,2,109,5
0,0,10,3
2,1,24,3
2,1,6,4
4,4,68,5
2,2,23,5
1,1,45,5
0,0,0,5
2,0,1,2
7,1,87,2
0,0,5,5
6,6,83,5
0,0,6,1
10,5,33,4
1,0,1,3
0,0,0,5
1,0,5,3
0,0,2,5
3,2,6,4
2,1,55,3
4,4,34,5
0,0,5,5
4,4,37,5
0,0,29,5
33,7,340,3
4,1,49,4
22,22,493,5
2,0,35,1
10,6,10,3
4,4,112,5
22,6,200,3
4,0,15,1
11,5,116,4
0,0,9,1
0,0,8,5
3,0,34,2
1,1,0,5
1,1,9,5
9,9,115,5
2,0,3,1
2,1,19,4
0,0,16,5
1,1,61,5
2,2,47,5
0,0,0,5
3,0,11,3
3,1,41,4
1,0,6,1
0,0,1,5
5,5,80,5
2,1,13,3
2,2,127,5
3,0,13,1
4,0,9,1
12,1,33,1
2,2,12,5
2,0,11,1
1,0,11,2
2,2,21,5
1,1,17,5
1,1,86,5
1,1,16,3
2,2,8,5
1,0,33,2
0,0,8,5
2,2,1,5
0,0,2,2
0,0,7,5
5,2,54,3
4,4,52,5
0,0,19,5
1,1,12,2
1,1,3,5
0,0,2,2
0,0,5,1
2,0,14,1
5,3,46,4
4,4,106,5
5,1,4,2
1,1,25,5
5,0,24,2
3,2,0,3
1,1,12,5
21,7,193,4
0,0,5,5
0,0,18,5
4,2,20,3
0,0,3,5
0,0,2,5
2,0,27,3
0,0,0,5
0,0,0,5
0,0,11,2
0,0,7,5
4,0,29,2
1,1,20,5
2,2,19,5
2,2,28,5
1,1,8,5
3,0,2,2
0,0,1,2
3,0,50,4
3,0,27,4
2,2,12,5
1,1,2,5
3,3,25,5
2,1,6,3
1,1,23,5
0,0,2,3
0,0,22,5
6,1,16,1
0,0,2,4
2,0,34,2
3,2,2,2
1,1,3,5
0,0,12,5
3,3,67,5
4,3,11,4
2,1,53,3
1,0,7,1
0,0,0,5
3,3,37,5
0,0,11,4
1,1,9,5
0,0,0,5
1,0,5,2
1,1,4,5
1,0,24,2
0,0,13,5
0,0,0,4
0,0,32,5
1,1,12,5
9,9,199,5
0,0,1,4
5,0,47,4
0,0,0,1
1,1,4,4
2,0,27,2
3,1,37,4
1,1,1,5
0,0,2,5
4,0,24,1
2,2,5,5
3,0,16,1
0,0,1,2
17,11,4,3
13,13,20,5
6,1,0,1
3,3,151,5
0,0,15,5
4,0,50,4
4,0,47,4
0,0,2,5
3,3,54,5
0,0,0,3
2,0,2,3
6,1,83,3
8,0,133,2
2,2,3,5
0,0,2,1
5,5,29,5
0,0,13,5
0,0,11,5
12,1,96,1
0,0,3,3
0,0,1,5
4,0,35,1
0,0,0,2
0,0,5,1
0,0,10,5
3,0,34,4
1,1,37,5
2,0,1,4
8,1,97,4
3,3,29,5
0,0,0,2
3,3,3,5
3,0,25,4
3,0,50,3
2,2,16,5
0,0,28,5
2,2,43,5
5,5,82,5
0,0,6,5
3,1,5,4
2,2,18,5
2,1,4,1
6,1,21,2
0,0,1,1
3,0,18,2
0,0,33,5
0,0,6,3
2,2,14,5
0,0,2,2
3,3,54,5
1,0,11,4
0,0,1,5
5,1,55,4
0,0,9,4
3,1,33,3
0,0,6,5
2,2,27,5
4,2,6,3
0,0,3,2
15,1,206,1
0,0,2,5
4,0,66,1
7,2,91,3
15,7,58,3
0,0,2,4
10,4,84,4
0,0,0,5
14,10,95,4
0,0,3,1
1,0,6,4
2,1,1,3
9,1,48,2
0,0,0,5
2,0,39,1
1,1,13,5
4,0,54,4
4,4,169,5
1,1,31,5
0,0,18,1
2,2,49,5
1,1,4,5
0,0,6,5
4,4,2,4
1,0,1,4
2,0,11,1
0,0,15,5
1,1,6,5
0,0,4,5
1,1,28,5
3,3,51,5
1,0,0,2
3,0,51,3
2,0,36,1
0,0,0,4
0,0,28,5
0,0,21,5
1,0,2,4
1,1,0,5
4,4,96,5
3,2,25,1
0,0,21,5
2,2,0,5
3,2,2,4
4,0,24,1
18,7,186,4
0,0,1,5
1,1,1,5
6,6,3,5
1,1,0,4
0,0,9,1
1,1,16,5
2,2,20,5
0,0,0,5
4,1,20,4
2,2,22,2
2,2,19,5
3,0,53,1
0,0,11,4
0,0,0,1
1,1,21,5
3,2,26,3
2,0,26,3
2,0,21,2
2,2,5,5
1,0,1,2
7,3,27,3
0,0,2,5
1,1,23,5
2,0,29,4
1,1,1,5
0,0,9,5
0,0,1,5
5,1,62,4
0,0,0,2
5,0,57,1
1,0,30,4
1,1,41,5
0,0,7,2
1,1,1,5
2,0,19,2
1,1,7,5
1,1,13,5
3,0,0,2
2,1,0,1
5,2,24,4
0,0,8,5
0,0,14,3
2,1,9,2
4,0,51,1
2,0,43,2
1,0,4,4
10,0,116,1
1,1,4,5
5,0,9,1
7,1,42,2
9,3,25,4
9,9,6,5
1,0,35,3
0,0,12,5
11,2,91,1
0,0,26,1
2,0,29,3
1,0,18,2
5,2,2,1
0,0,3,1
3,3,31,5
4,1,3,1
3,3,113,5
0,0,1,1
1,1,6,5
9,0,153,4
12,2,78,3
1,1,28,5
2,2,50,5
1,1,1,5
1,1,16,5
0,0,3,5
0,0,1,3
11,11,18,5
2,2,2,5
0,0,2,5
0,0,6,5
2,2,58,5
1,0,20,3
1,1,52,5
2,2,37,5
3,0,6,1
5,3,6,2
8,4,39,4
2,2,34,3
9,0,88,2
5,5,75,5
3,3,97,5
9,0,74,1
1,1,2,5
2,2,35,5
6,0,106,1
1,1,21,5
5,2,45,3
1,0,6,3
1,1,2,5
0,0,4,5
0,0,2,2
1,0,30,4
2,1,6,2
1,0,43,2
1,1,49,5
4,4,22,5
0,0,38,5
1,1,4,4
5,1,17,3
1,1,1,5
0,0,6,4
0,0,4,3
2,2,31,5
1,1,16,5
1,1,5,5
2,2,21,3
4,0,25,4
0,0,0,5
1,0,27,2
0,0,0,1
24,2,202,1
3,3,4,5
0,0,31,5
10,5,74,3
4,4,20,5
4,4,50,5
0,0,6,3
0,0,6,3
4,0,1,1
1,1,30,5
1,0,30,3
1,1,11,5
1,1,32,4
15,15,5,5
3,0,48,1
0,0,24,5
4,0,19,2
0,0,13,2
1,1,1,5
4,4,41,5
5,1,5,1
2,2,7,5
3,0,2,2
0,0,2,1
6,2,64,4
2,0,16,1
10,1,2,1
4,4,116,5
0,0,0,5
4,0,12,2
5,5,41,5
6,2,120,4
5,5,86,5
1,1,20,5
1,1,5,5
6,2,11,4
1,0,2,3
1,0,2,2
1,1,6,5
19,0,240,1
5,5,103,5
1,1,33,5
0,0,14,5
2,0,22,1
2,0,11,2
1,0,2,3
1,1,39,5
0,0,0,5
9,0,41,1
1,1,1,5
2,1,14,2
3,0,7,4
5,5,40,5
0,0,2,5
0,0,6,4
2,2,5,5
2,0,1,4
3,3,30,5
0,0,11,2
0,0,5,5
3,3,43,5
2,1,4,2
0,0,8,5
0,0,1,5
1,0,43,1
6,6,62,5
1,0,33,4
4,4,121,5
1,0,19,2
11,0,33,1
1,0,6,1
5,5,24,5
0,0,2,1
15,4,153,4
1,1,3,5
4,4,118,5
3,0,29,2
2,0,8,3
5,5,51,5
2,2,56,5
1,1,16,5
5,0,70,1
2,2,64,5
2,2,121,5
0,0,1,1
6,6,174,5
10,2,124,3
0,0,24,5
0,0,1,5
0,0,3,5
1,1,17,5
2,0,4,1
2,2,2,5
5,0,16,1
4,4,145,5
1,1,28,5
3,0,60,2
0,0,20,5
0,0,0,5
0,0,1,4
0,0,0,5
1,0,3,3
3,0,4,1
2,0,8,4
3,1,18,3
6,1,66,4
4,2,30,4
1,1,30,5
0,0,1,1
1,1,14,5
7,7,119,5
0,0,6,4
8,2,91,3
0,0,4,2
9,1,117,2
0,0,8,3
5,1,45,1
4,0,67,1
1,0,7,3
3,0,36,3
5,5,70,5
0,0,35,5
4,2,35,4
2,2,41,5
2,1,13,1
4,4,0,5
2,2,6,5
9,1,133,4
0,0,4,5
0,0,2,5
3,3,0,5
2,2,15,5
0,0,7,1
0,0,0,5
1,1,1,5
3,0,78,1
0,0,2,4
3,0,21,2
1,0,25,1
6,1,58,1
2,1,1,1
6,1,41,3
0,0,16,1
3,3,75,5
0,0,0,2
1,0,29,3
3,0,43,2
3,3,37,5
2,0,1,2
4,4,22,5
1,0,12,1
15,7,117,4
2,0,17,4
3,3,62,5
0,0,11,5
0,0,0,5
3,0,57,4
2,0,6,2
4,0,71,1
3,1,3,1
0,0,3,5
1,1,3,5
0,0,0,1
0,0,0,1
2,2,38,5
2,1,13,4
2,2,4,5
0,0,3,5
0,0,1,5
1,1,14,5
1,1,0,5
0,0,0,5
0,0,2,5
0,0,1,4
4,4,4,5
0,0,2,1
0,0,19,5
1,1,51,5
10,10,111,5
0,0,8,5
3,0,0,1
1,1,0,4
0,0,10,5
9,1,88,1
15,1,161,4
0,0,14,5
1,1,2,2
0,0,2,1
1,1,16,5
1,0,20,2
1,1,104,5
2,0,21,3
4,4,26,5
1,1,2,5
1,0,10,4
0,0,0,4
1,0,7,4
10,2,52,4
2,0,19,3
3,3,1,5
0,0,47,5
4,4,59,5
3,3,44,5
3,1,13,2
1,1,105,5
1,1,24,1
6,3,28,4
1,0,2,1
0,0,2,5
2,2,6,3
0,0,5,5
3,1,22,3
1,1,9,5
8,2,25,4
1,1,7,5
2,2,68,5
1,1,1,5
3,3,51,5
0,0,5,2
0,0,3,5
2,1,1,4
2,0,10,1
1,1,3,5
0,0,1,4
4,1,16,2
11,0,165,2
0,0,0,3
3,0,24,4
6,6,187,5
0,0,1,5
1,0,5,1
0,0,8,2
4,0,18,1
12,12,77,5
0,0,15,5
11,5,3,2
0,0,82,5
1,0,0,1
0,0,3,3
1,0,1,3
0,0,8,4
5,5,50,5
2,0,6,2
2,2,43,5
3,3,7,5
3,3,23,5
1,0,2,1
5,2,71,4
0,0,3,1
5,5,29,5
1,1,2,5
0,0,1,5
1,1,12,4
3,0,37,4
2,0,0,2
0,0,23,5
8,4,3,2
4,4,37,5
1,1,19,5
1,1,0,5
2,2,51,5
0,0,3,5
2,0,59,1
4,4,2,5
5,2,34,4
3,3,41,5
3,3,47,5
3,3,26,5
1,1,0,5
1,1,12,5
6,5,11,4
3,3,38,5
4,4,77,5
2,2,67,5
0,0,0,4
1,0,1,4
1,0,9,3
0,0,1,5
4,1,25,4
1,0,7,2
1,1,2,5
0,0,2,5
0,0,6,2
9,9,166,5
0,0,0,5
15,2,186,3
0,0,31,5
1,0,32,3
0,0,11,5
2,2,36,5
3,0,57,3
0,0,27,5
0,0,26,5
4,4,92,5
0,0,2,1
0,0,16,1
12,8,1,3
2,0,11,1
3,1,2,4
5,0,3,3
0,0,2,5
3,0,30,1
8,3,25,2
5,1,2,2
1,0,5,2
2,0,4,1
0,0,1,4
3,0,45,3
5,5,100,5
5,3,103,3
0,0,1,5
1,0,2,4
0,0,1,2
0,0,6,5
4,4,5,5
0,0,1,5
0,0,4,5
1,1,6,5
2,2,3,5
2,2,20,5
0,0,3,5
1,1,8,5
26,6,336,4
1,1,2,4
3,2,6,2
3,0,16,3
0,0,0,1
1,1,0,2
1,1,9,5
1,0,0,2
3,3,13,5
3,1,30,1
1,1,10,2
1,0,28,4
1,0,22,2
3,1,21,4
0,0,2,5
1,0,2,3
1,1,4,5
2,1,8,4
1,0,12,2
5,2,55,2
4,4,1,5
11,2,175,4
0,0,2,5
1,0,32,1
0,0,29,5
1,1,8,5
2,2,6,5
2,1,2,3
4,4,2,5
0,0,3,5
6,6,108,5
3,3,3,3
4,0,1,1
0,0,2,5
0,0,0,2
3,3,3,5
2,0,23,1
2,1,2,2
1,0,2,2
4,0,53,4
0,0,6,5
2,1,7,3
0,0,9,3
2,0,8,1
0,0,3,5
3,3,13,5
4,1,47,2
1,1,16,5
6,6,2,5
10,4,78,4
4,2,32,4
3,3,20,5
5,2,4,4
3,3,19,5
2,0,0,3
3,3,0,5
19,4,107,2
5,1,1,1
0,0,0,5
0,0,17,5
1,1,3,1
3,3,75,5
0,0,6,4
2,0,10,4
2,1,2,2
2,2,72,5
2,2,75,5
5,0,17,1
4,0,45,3
2,0,16,2
2,1,8,4
19,7,190,4
2,0,29,4
3,3,59,5
1,1,6,4
14,0,34,1
3,1,36,4
1,0,35,4
0,0,0,5
3,1,5,1
1,0,6,4
0,0,1,5
0,0,8,2
1,0,24,4
1,1,4,5
0,0,0,5
1,1,62,5
3,3,23,5
12,3,84,3
2,1,21,4
8,2,31,2
0,0,4,2
2,1,45,4
8,2,117,4
5,5,99,5
4,0,22,1
4,4,53,5
1,0,14,2
4,0,46,2
0,0,5,2
5,3,3,4
11,5,50,2
4,4,1,3
5,5,58,5
3,3,8,5
0,0,15,5
2,1,54,4
2,2,13,5
3,2,26,3
4,3,14,4
0,0,10,3
3,1,70,4
1,1,3,3
2,0,32,1
2,2,46,5
1,0,5,3
2,1,31,4
3,0,2,2
4,4,105,5
0,0,4,1
1,0,2,1
3,0,14,3
4,2,2,3
0,0,20,3
3,3,0,5
0,0,0,2
3,3,30,5
2,0,10,3
0,0,0,3
1,1,0,5
0,0,6,3
0,0,0,5
8,5,17,4
2,0,2,2
2,2,5,5
0,0,3,5
8,0,71,1
8,0,25,1
0,0,14,5
1,0,0,4
3,0,63,4
3,3,42,5
2,0,5,1
0,0,1,5
6,6,83,5
4,2,20,3
5,3,11,4
14,0,163,1
8,1,122,2
1,1,1,3
7,7,1,5
1,1,10,5
1,1,5,2
0,0,4,5
0,0,29,5
0,0,5,1
3,3,2,5
0,0,2,4
3,0,3,1
2,0,19,3
7,2,124,1
2,2,132,5
3,0,36,2
3,1,42,3
2,0,3,4
0,0,3,5
8,2,99,2
5,5,118,5
5,1,15,2
0,0,0,5
3,0,52,4
0,0,0,5
3,0,38,1
1,0,4,2
1,1,3,5
1,0,4,3
0,0,22,5
1,0,1,3
6,0,70,1
10,3,20,1
0,0,1,5
2,2,14,5
7,7,62,5
9,9,1,5
1,1,11,5
7,2,68,4
0,0,4,3
5,1,17,1
14,3,100,2
1,1,21,5
1,0,5,3
0,0,2,5
